id_inmueble,link_inmueble,titulo,localizacion,precio,metros_cuadrados,habitaciones,baños,zona,tipo_de_operacion,fecha_inclusion,lat,lon,municipio,precio_bajada,consumo_energia,emisiones_energia,descripcion,breadcrumb,fotos_total,ref_catastral,edificabilidad_m2techo,parcela_m2,parcela_min_m2,fachada_min_m,altura_max_m,sector_urbanistico,link_inmueble_siguiente,anunciante
https://www.picoblanes.com/local-comercial-en-alcoy-centro-es994440.html,https://www.picoblanes.com/local-comercial-en-alcoy-centro-es994440.html,LOC0150,"CENTRO, Alcoy, Alicante",2000.0,450.0,,2.0,CENTRO,Alquiler,2025-08-24,38.696271819546,-0.47669825343224,,,,,,,,,,,,,,,,
https://www.picoblanes.com/casa-chalet-en-cocentaina-cocentaina-con-vistas-es1277136.html,https://www.picoblanes.com/casa-chalet-en-cocentaina-cocentaina-con-vistas-es1277136.html,CHA0111,"COCENTAINA, Cocentaina, Alicante",330000.0,420.0,3.0,2.0,COCENTAINA,Venta,2025-08-24,38.756222784754,-0.44862679529526,,,,,,,,,,,,,,,,
https://www.picoblanes.com/casa-chalet-en-cocentaina-gormaig-con-piscina-es1496754.html,https://www.picoblanes.com/casa-chalet-en-cocentaina-gormaig-con-piscina-es1496754.html,CHA0125,"GORMAIG, Cocentaina, Alicante",380000.0,400.0,6.0,2.0,GORMAIG,Venta,2025-08-24,38.72233378127,-0.45946267792792,,,,,,,,,,,,,,,,
https://www.picoblanes.com/edificio-en-alcoy-el-cami-con-garaje-es1557983.html,https://www.picoblanes.com/edificio-en-alcoy-el-cami-con-garaje-es1557983.html,EDF0012,"EL CAMI, Alcoy, Alicante",450000.0,550.0,11.0,7.0,EL CAMI,Venta,2025-08-24,38.690297750042,-0.47592979371925,,,,,,,,,,,,,,,,
https://www.picoblanes.com/atico-en-alcoy-ensanche-con-ascensor-es1597642.html,https://www.picoblanes.com/atico-en-alcoy-ensanche-con-ascensor-es1597642.html,ATC0058,"ENSANCHE, Alcoy, Alicante",180000.0,100.0,3.0,2.0,ENSANCHE,Venta,2025-08-24,38.70374636734,-0.47537579941198,,,,,,,,,,,,,,,,
https://www.picoblanes.com/local-comercial-en-alcoy-norte-es823662.html,https://www.picoblanes.com/local-comercial-en-alcoy-norte-es823662.html,LOC0031,"NORTE, Alcoy, Alicante",900.0,205.0,,,NORTE,Alquiler,2025-08-24,38.708168919708,-0.46556732946146,,,,,,,,,,,,,,,,
https://www.picoblanes.com/local-comercial-en-alcoy-ensanche-es1177748.html,https://www.picoblanes.com/local-comercial-en-alcoy-ensanche-es1177748.html,LOC0208,"ENSANCHE, Alcoy, Alicante",428.0,98.0,,,ENSANCHE,Alquiler,2025-08-24,38.701009061935,-0.47788403325784,,,,,,,,,,,,,,,,
https://www.picoblanes.com/garaje-parking-en-alcoy-ensanche-con-garaje-es1334698.html,https://www.picoblanes.com/garaje-parking-en-alcoy-ensanche-con-garaje-es1334698.html,GAR0033,"ENSANCHE, Alcoy, Alicante",8000.0,,,,ENSANCHE,Venta,2025-08-24,38.700748975661,-0.47791374863039,,,,,,,,,,,,,,,,
https://www.picoblanes.com/local-comercial-en-alcoy-ensanche-es1173263.html,https://www.picoblanes.com/local-comercial-en-alcoy-ensanche-es1173263.html,LOC0203,"ENSANCHE, Alcoy, Alicante",650.0,100.0,,,ENSANCHE,Alquiler,2025-08-24,38.700791363818,-0.47993328848456,,,,,,,,,,,,,,,,
https://www.picoblanes.com/local-comercial-en-alcoy-el-cami-es1117823.html,https://www.picoblanes.com/local-comercial-en-alcoy-el-cami-es1117823.html,LOC0188,"EL CAMI, Alcoy, Alicante",50000.0,113.0,,1.0,EL CAMI,Venta,2025-08-24,38.689949054679,-0.47470848794156,,,,,,,,,,,,,,,,
https://www.picoblanes.com/casa-chalet-en-alcoy-baradello-con-piscina-es1548748.html,https://www.picoblanes.com/casa-chalet-en-alcoy-baradello-con-piscina-es1548748.html,CHA0131,"BARADELLO, Alcoy, Alicante",235000.0,170.0,4.0,2.0,BARADELLO,Venta,2025-08-24,38.701870965889,-0.52361250994569,,,,,,,,,,,,,,,,
https://www.picoblanes.com/edificio-en-alcoy-viaducto-es1334869.html,https://www.picoblanes.com/edificio-en-alcoy-viaducto-es1334869.html,EDF0009,"VIADUCTO, Alcoy, Alicante",175000.0,751.0,,,VIADUCTO,Venta,2025-08-24,38.697074200262,-0.46791425955141,,,,,,,,,,,,,,,,
https://www.picoblanes.com/parcela-en-cocentaina-gormaig-es823608.html,https://www.picoblanes.com/parcela-en-cocentaina-gormaig-es823608.html,PAR0003,"GORMAIG, Cocentaina, Alicante",90000.0,1232.0,,,GORMAIG,Venta,2025-08-24,38.723288868535,-0.4610826561805,,,,,,,,,,,,,,,,
https://www.picoblanes.com/casa-adosada-en-cocentaina-cocentaina-con-vistas-es1273096.html,https://www.picoblanes.com/casa-adosada-en-cocentaina-cocentaina-con-vistas-es1273096.html,ADO0043,"COCENTAINA, Cocentaina, Alicante",161000.0,186.0,4.0,2.0,COCENTAINA,Venta,2025-08-24,38.741275733306,-0.4346308136209,,,,,,,,,,,,,,,,
https://www.picoblanes.com/edificio-en-alcoy-centro-es1059288.html,https://www.picoblanes.com/edificio-en-alcoy-centro-es1059288.html,EDF0003,"CENTRO, Alcoy, Alicante",90000.0,579.0,,,CENTRO,Venta,2025-08-24,38.693995421659,-0.4743102889462,,,,,,,,,,,,,,,,
https://www.picoblanes.com/piso-en-alcoy-ensanche-con-ascensor-es1610658.html,https://www.picoblanes.com/piso-en-alcoy-ensanche-con-ascensor-es1610658.html,PIS0869,"ENSANCHE, Alcoy, Alicante",147000.0,130.0,5.0,2.0,ENSANCHE,Venta,2025-08-24,38.700279692137,-0.47830301944683,,,,,,,,,,,,,,,,
https://www.picoblanes.com/nave-en-alcoy-batoy-es1173250.html,https://www.picoblanes.com/nave-en-alcoy-batoy-es1173250.html,NAV0046,"BATOY, Alcoy, Alicante",110000.0,1000.0,,,BATOY,Venta,2025-08-24,38.688327826779,-0.49481808509796,,,,,,,,,,,,,,,,
https://www.picoblanes.com/local-comercial-en-alcoy-centro-es1043052.html,https://www.picoblanes.com/local-comercial-en-alcoy-centro-es1043052.html,LOC0160,"CENTRO, Alcoy, Alicante",900.0,350.0,,3.0,CENTRO,Alquiler,2025-08-24,38.697303001264,-0.47790534831195,,,,,,,,,,,,,,,,
https://www.picoblanes.com/piso-en-alcoy-el-cami-con-ascensor-es1205407.html,https://www.picoblanes.com/piso-en-alcoy-el-cami-con-ascensor-es1205407.html,PIS0711,"EL CAMI, Alcoy, Alicante",165000.0,140.0,3.0,2.0,EL CAMI,Venta,2025-08-24,38.691647444504,-0.47587775676115,,,,,,,,,,,,,,,,
https://www.picoblanes.com/oficina-en-alcoy-centro-es994441.html,https://www.picoblanes.com/oficina-en-alcoy-centro-es994441.html,OFI0025,"CENTRO, Alcoy, Alicante",2000.0,405.0,,2.0,CENTRO,Alquiler,2025-08-24,38.696633124076,-0.47622106763022,,,,,,,,,,,,,,,,
https://www.picoblanes.com/local-comercial-en-alcoy-norte-es1539069.html,https://www.picoblanes.com/local-comercial-en-alcoy-norte-es1539069.html,LOC0244,"NORTE, Alcoy, Alicante",400.0,90.0,,,NORTE,Alquiler,2025-08-24,38.711558805961,-0.46727059600353,,,,,,,,,,,,,,,,
https://www.picoblanes.com/casa-chalet-en-alcoy-viaducto-con-piscina-es1558869.html,https://www.picoblanes.com/casa-chalet-en-alcoy-viaducto-con-piscina-es1558869.html,CHA0134,"VIADUCTO, Alcoy, Alicante",750000.0,611.0,6.0,3.0,VIADUCTO,Venta,2025-08-24,38.69593179623,-0.46695632305048,,,,,,,,,,,,,,,,
https://www.picoblanes.com/garaje-parking-en-alcoy-ensanche-con-garaje-es874546.html,https://www.picoblanes.com/garaje-parking-en-alcoy-ensanche-con-garaje-es874546.html,GAR0007,"ENSANCHE, Alcoy, Alicante",12000.0,,,,ENSANCHE,Venta,2025-08-24,38.702301761682,-0.47707933093727,,,,,,,,,,,,,,,,
https://www.picoblanes.com/casa-chalet-en-baneres-banyeres-con-piscina-es1540421.html,https://www.picoblanes.com/casa-chalet-en-baneres-banyeres-con-piscina-es1540421.html,CHA0129,"BANYERES, Bañeres, Alicante",560000.0,450.0,5.0,4.0,BANYERES,Venta,2025-08-24,38.715971749634,-0.66011909731226,,,,,,,,,,,,,,,,
https://www.picoblanes.com/casa-adosada-en-cocentaina-cocentaina-con-garaje-es881509.html,https://www.picoblanes.com/casa-adosada-en-cocentaina-cocentaina-con-garaje-es881509.html,ADO0016,"COCENTAINA, Cocentaina, Alicante",175000.0,141.0,4.0,3.0,COCENTAINA,Venta,2025-08-24,38.741441202681,-0.43437818726517,,,,,,,,,,,,,,,,
https://www.picoblanes.com/parcela-en-alcoy-beniata-es833857.html,https://www.picoblanes.com/parcela-en-alcoy-beniata-es833857.html,PAR0005,"BENIATA, Alcoy, Alicante",550000.0,5738.0,,,BENIATA,Venta,2025-08-24,38.683684552423,-0.49296840832773,,,,,,,,,,,,,,,,
https://www.picoblanes.com/local-comercial-en-alcoy-norte-es1539068.html,https://www.picoblanes.com/local-comercial-en-alcoy-norte-es1539068.html,LOC0243,"NORTE, Alcoy, Alicante",68000.0,90.0,,,NORTE,Venta,2025-08-24,38.711558805961,-0.46727059600353,,,,,,,,,,,,,,,,
https://www.picoblanes.com/nave-en-cocentaina-els-algars-es1177763.html,https://www.picoblanes.com/nave-en-cocentaina-els-algars-es1177763.html,NAV0047,"ELS ALGARS, Cocentaina, Alicante",165000.0,490.0,,,ELS ALGARS,Venta,2025-08-24,38.719752948356,-0.44855179519757,,,,,,,,,,,,,,,,
https://www.picoblanes.com/local-comercial-en-alcoy-norte-es1111700.html,https://www.picoblanes.com/local-comercial-en-alcoy-norte-es1111700.html,LOC0186,"NORTE, Alcoy, Alicante",90000.0,90.0,,,NORTE,Venta,2025-08-24,38.708095532513,-0.46656518252402,,,,,,,,,,,,,,,,
https://www.picoblanes.com/local-comercial-en-alcoy-ensanche-es1256853.html,https://www.picoblanes.com/local-comercial-en-alcoy-ensanche-es1256853.html,LOC0221,"ENSANCHE, Alcoy, Alicante",500.0,110.0,,,ENSANCHE,Alquiler,2025-08-24,38.701657442545,-0.47989086490668,,,,,,,,,,,,,,,,
https://www.picoblanes.com/local-comercial-en-alcoy-norte-con-ascensor-es1395170.html,https://www.picoblanes.com/local-comercial-en-alcoy-norte-con-ascensor-es1395170.html,LOC0236,"NORTE, Alcoy, Alicante",88000.0,159.0,,2.0,NORTE,Venta,2025-08-24,38.705214593294,-0.4704141028959,,,,,,,,,,,,,,,,
https://www.picoblanes.com/local-comercial-en-alcoy-santa-rosa-es1029865.html,https://www.picoblanes.com/local-comercial-en-alcoy-santa-rosa-es1029865.html,LOC0158,"SANTA ROSA, Alcoy, Alicante",160000.0,550.0,,2.0,SANTA ROSA,Venta,2025-08-24,38.698550630804,-0.4849114684162,,,,,,,,,,,,,,,,
https://www.picoblanes.com/local-comercial-en-alcoy-ensanche-es1356350.html,https://www.picoblanes.com/local-comercial-en-alcoy-ensanche-es1356350.html,LOC0234,"ENSANCHE, Alcoy, Alicante",250.0,90.0,,,ENSANCHE,Alquiler,2025-08-24,38.704319166283,-0.47681903181449,,,,,,,,,,,,,,,,
https://www.picoblanes.com/oficina-en-alcoy-norte-es917580.html,https://www.picoblanes.com/oficina-en-alcoy-norte-es917580.html,OFI0018,"NORTE, Alcoy, Alicante",4375.0,673.0,,,NORTE,Alquiler,2025-08-24,38.705165215767,-0.47378574861627,,,,,,,,,,,,,,,,
https://www.picoblanes.com/piso-en-alcoy-ensanche-con-ascensor-es1557973.html,https://www.picoblanes.com/piso-en-alcoy-ensanche-con-ascensor-es1557973.html,PIS0840,"ENSANCHE, Alcoy, Alicante",130000.0,114.0,3.0,2.0,ENSANCHE,Venta,2025-08-24,38.700833636197,-0.4785156500689,,,,,,,,,,,,,,,,
https://www.picoblanes.com/oficina-en-alcoy-santa-rosa-con-ascensor-es880898.html,https://www.picoblanes.com/oficina-en-alcoy-santa-rosa-con-ascensor-es880898.html,OFI0016,"SANTA ROSA, Alcoy, Alicante",130000.0,130.0,,2.0,SANTA ROSA,Venta,2025-08-24,38.697805405039,-0.48144602663768,,,,,,,,,,,,,,,,
https://www.picoblanes.com/piso-en-alcoy-ensanche-con-ascensor-es1488438.html,https://www.picoblanes.com/piso-en-alcoy-ensanche-con-ascensor-es1488438.html,PIS0807,"ENSANCHE, Alcoy, Alicante",190000.0,285.0,4.0,2.0,ENSANCHE,Venta,2025-08-24,38.701187307703,-0.4790294704466,,,,,,,,,,,,,,,,
https://www.picoblanes.com/local-comercial-en-alcoy-centro-es1235308.html,https://www.picoblanes.com/local-comercial-en-alcoy-centro-es1235308.html,LOC0216,"CENTRO, Alcoy, Alicante",45000.0,260.0,,,CENTRO,Venta,2025-08-24,38.695834365829,-0.47476196573418,,,,,,,,,,,,,,,,
https://www.picoblanes.com/local-comercial-en-alcoy-norte-es1273107.html,https://www.picoblanes.com/local-comercial-en-alcoy-norte-es1273107.html,LOC0223,"NORTE, Alcoy, Alicante",99000.0,130.0,,,NORTE,Venta,2025-08-24,38.707820035527,-0.47039577816304,,,,,,,,,,,,,,,,
https://www.picoblanes.com/local-comercial-en-alcoy-norte-es851765.html,https://www.picoblanes.com/local-comercial-en-alcoy-norte-es851765.html,LOC0063,"NORTE, Alcoy, Alicante",170000.0,160.0,,,NORTE,Venta,2025-08-24,38.708847060918,-0.46945093437995,,,,,,,,,,,,,,,,
https://www.picoblanes.com/oficina-en-alcoy-ensanche-con-ascensor-es841208.html,https://www.picoblanes.com/oficina-en-alcoy-ensanche-con-ascensor-es841208.html,OFI0014,"ENSANCHE, Alcoy, Alicante",175000.0,185.0,,,ENSANCHE,Venta,2025-08-24,38.702217509925,-0.47758377242781,,,,,,,,,,,,,,,,
https://www.picoblanes.com/casa-chalet-en-muro-de-alcoy-muro-con-piscina-es1599092.html,https://www.picoblanes.com/casa-chalet-en-muro-de-alcoy-muro-con-piscina-es1599092.html,CHA0140,"MURO, Muro de Alcoy, Alicante",425000.0,329.0,4.0,4.0,MURO,Venta,2025-08-24,38.779773014288,-0.4268401845377,,,,,,,,,,,,,,,,
https://www.picoblanes.com/local-comercial-en-alcoy-ensanche-es1452093.html,https://www.picoblanes.com/local-comercial-en-alcoy-ensanche-es1452093.html,LOC0238,"ENSANCHE, Alcoy, Alicante",70000.0,207.0,,,ENSANCHE,Venta,2025-08-24,38.701806904865,-0.4790508685152,,,,,,,,,,,,,,,,
https://www.picoblanes.com/garaje-parking-en-alcoy-ensanche-con-garaje-es1054478.html,https://www.picoblanes.com/garaje-parking-en-alcoy-ensanche-con-garaje-es1054478.html,GAR0028,"ENSANCHE, Alcoy, Alicante",12000.0,,,,ENSANCHE,Venta,2025-08-24,38.702619928909,-0.47876390873986,,,,,,,,,,,,,,,,
https://www.picoblanes.com/local-comercial-en-alcoy-santa-rosa-es1542016.html,https://www.picoblanes.com/local-comercial-en-alcoy-santa-rosa-es1542016.html,LOC0248,"SANTA ROSA, Alcoy, Alicante",185000.0,100.0,,,SANTA ROSA,Venta,2025-08-24,38.696671342743,-0.48410534210112,,,,,,,,,,,,,,,,
https://www.picoblanes.com/local-comercial-en-alcoy-norte-es1575679.html,https://www.picoblanes.com/local-comercial-en-alcoy-norte-es1575679.html,LOC0255,"NORTE, Alcoy, Alicante",900.0,308.0,,,NORTE,Alquiler,2025-08-24,38.707556376329,-0.46847481558598,,,,,,,,,,,,,,,,
https://www.picoblanes.com/casa-adosada-en-alcoy-viaducto-con-vistas-es824738.html,https://www.picoblanes.com/casa-adosada-en-alcoy-viaducto-con-vistas-es824738.html,ADO0010,"VIADUCTO, Alcoy, Alicante",280000.0,234.0,3.0,3.0,VIADUCTO,Venta,2025-08-24,38.696095255253,-0.46714527256934,,,,,,,,,,,,,,,,
https://www.picoblanes.com/piso-en-alcoy-santa-rosa-con-ascensor-es1087300.html,https://www.picoblanes.com/piso-en-alcoy-santa-rosa-con-ascensor-es1087300.html,PIS0599,"SANTA ROSA, Alcoy, Alicante",120000.0,106.0,3.0,2.0,SANTA ROSA,Venta,2025-08-24,38.694581586157,-0.48119926736992,,,,,,,,,,,,,,,,
https://www.picoblanes.com/local-comercial-en-alcoy-norte-es823743.html,https://www.picoblanes.com/local-comercial-en-alcoy-norte-es823743.html,LOC0038,"NORTE, Alcoy, Alicante",80000.0,103.0,,,NORTE,Venta,2025-08-24,38.707792171812,-0.46843189303486,,,,,,,,,,,,,,,,
https://www.picoblanes.com/atico-en-cocentaina-cocentaina-con-ascensor-es1379497.html,https://www.picoblanes.com/atico-en-cocentaina-cocentaina-con-ascensor-es1379497.html,ATC0054,"COCENTAINA, Cocentaina, Alicante",190000.0,160.0,3.0,3.0,COCENTAINA,Venta,2025-08-24,38.738877920951,-0.4356415840996,,,,,,,,,,,,,,,,
https://www.picoblanes.com/local-comercial-en-alcoy-ensanche-es1167832.html,https://www.picoblanes.com/local-comercial-en-alcoy-ensanche-es1167832.html,OPC0030,"ENSANCHE, Alcoy, Alicante",150000.0,150.0,,,ENSANCHE,Alquiler opción a compra,2025-08-24,38.704024845311,-0.47607075300028,,,,,,,,,,,,,,,,
https://www.picoblanes.com/atico-en-alcoy-ensanche-con-ascensor-es1488458.html,https://www.picoblanes.com/atico-en-alcoy-ensanche-con-ascensor-es1488458.html,ATC0055,"ENSANCHE, Alcoy, Alicante",190000.0,285.0,4.0,2.0,ENSANCHE,Venta,2025-08-24,38.701187307703,-0.4790294704466,,,,,,,,,,,,,,,,
https://www.picoblanes.com/casa-chalet-en-cocentaina-cocentaina-con-piscina-es1167566.html,https://www.picoblanes.com/casa-chalet-en-cocentaina-cocentaina-con-piscina-es1167566.html,CHA0101,"COCENTAINA, Cocentaina, Alicante",200000.0,70.0,4.0,1.0,COCENTAINA,Venta,2025-08-24,38.726650936699,-0.41482027163667,,,,,,,,,,,,,,,,
https://www.picoblanes.com/local-comercial-en-alcoy-ensanche-es1539092.html,https://www.picoblanes.com/local-comercial-en-alcoy-ensanche-es1539092.html,LOC0246,"ENSANCHE, Alcoy, Alicante",450.0,218.0,,,ENSANCHE,Alquiler,2025-08-24,38.699675011236,-0.48674340189685,,,,,,,,,,,,,,,,
https://www.picoblanes.com/local-comercial-en-alcoy-norte-con-garaje-es822968.html,https://www.picoblanes.com/local-comercial-en-alcoy-norte-con-garaje-es822968.html,LOC0027,"NORTE, Alcoy, Alicante",70000.0,175.0,,2.0,NORTE,Venta,2025-08-24,,,,,,,,,,,,,,,,,,
https://www.picoblanes.com/casa-chalet-en-alcoy-el-cami-con-piscina-es774487.html,https://www.picoblanes.com/casa-chalet-en-alcoy-el-cami-con-piscina-es774487.html,ADO0002,"EL CAMI, Alcoy, Alicante",290000.0,400.0,4.0,3.0,EL CAMI,Venta,2025-08-24,,,,,,,,,,,,,,,,,,
https://www.picoblanes.com/local-comercial-en-alcoy-ensanche-es1053009.html,https://www.picoblanes.com/local-comercial-en-alcoy-ensanche-es1053009.html,LOC0164,"ENSANCHE, Alcoy, Alicante",150000.0,191.0,,,ENSANCHE,Venta,2025-08-24,38.700250386361,-0.47815223831289,,,,,,,,,,,,,,,,
https://www.picoblanes.com/local-comercial-en-alcoy-centro-es1127358.html,https://www.picoblanes.com/local-comercial-en-alcoy-centro-es1127358.html,LOC0190,"CENTRO, Alcoy, Alicante",180000.0,218.0,,,CENTRO,Venta,2025-08-24,38.695896251922,-0.47725107946966,,,,,,,,,,,,,,,,
https://www.picoblanes.com/local-comercial-en-alcoy-norte-es823705.html,https://www.picoblanes.com/local-comercial-en-alcoy-norte-es823705.html,LOC0035,"NORTE, Alcoy, Alicante",550.0,101.0,,,NORTE,Alquiler,2025-08-24,38.707850777171,-0.46856066679886,,,,,,,,,,,,,,,,
https://www.picoblanes.com/piso-en-alcoy-ensanche-con-ascensor-es1430008.html,https://www.picoblanes.com/piso-en-alcoy-ensanche-con-ascensor-es1430008.html,PIS0798,"ENSANCHE, Alcoy, Alicante",170000.0,150.0,4.0,2.0,ENSANCHE,Venta,2025-08-24,38.700775955196,-0.47893297403169,,,,,,,,,,,,,,,,
https://www.picoblanes.com/casa-chalet-en-alcoy-centro-es1504170.html,https://www.picoblanes.com/casa-chalet-en-alcoy-centro-es1504170.html,CHA0126,"CENTRO, Alcoy, Alicante",502200.0,505.0,,,CENTRO,Venta,2025-08-24,38.694145161672,-0.47632700245601,,,,,,,,,,,,,,,,
https://www.picoblanes.com/local-comercial-en-alcoy-ensanche-es1298958.html,https://www.picoblanes.com/local-comercial-en-alcoy-ensanche-es1298958.html,LOC0225,"ENSANCHE, Alcoy, Alicante",60000.0,80.0,,1.0,ENSANCHE,Venta,2025-08-24,38.700964318746,-0.47781417641154,,,,,,,,,,,,,,,,
https://www.picoblanes.com/oficina-en-alcoy-santa-rosa-es1000816.html,https://www.picoblanes.com/oficina-en-alcoy-santa-rosa-es1000816.html,OFI0026,"SANTA ROSA, Alcoy, Alicante",50000.0,110.0,,1.0,SANTA ROSA,Venta,2025-08-24,38.69357672979,-0.48584492073112,,,,,,,,,,,,,,,,
https://www.picoblanes.com/piso-en-alcoy-ensanche-con-ascensor-es1621356.html,https://www.picoblanes.com/piso-en-alcoy-ensanche-con-ascensor-es1621356.html,PIS0881,"ENSANCHE, Alcoy, Alicante",148000.0,111.0,3.0,2.0,ENSANCHE,Venta,2025-08-24,38.704295254864,-0.47675802992597,,,,,,,,,,,,,,,,
https://www.picoblanes.com/nave-en-alcoy-el-cami-es797287.html,https://www.picoblanes.com/nave-en-alcoy-el-cami-es797287.html,NAV0007,"EL CAMI, Alcoy, Alicante",165000.0,522.0,,,EL CAMI,Venta,2025-08-24,,,,,,,,,,,,,,,,,,
https://www.picoblanes.com/local-comercial-en-alcoy-norte-es977992.html,https://www.picoblanes.com/local-comercial-en-alcoy-norte-es977992.html,LOC0141,"NORTE, Alcoy, Alicante",60000.0,135.0,,,NORTE,Venta,2025-08-24,38.708949487937,-0.46527771823524,,,,,,,,,,,,,,,,
https://www.picoblanes.com/local-comercial-en-alcoy-ensanche-es1187368.html,https://www.picoblanes.com/local-comercial-en-alcoy-ensanche-es1187368.html,LOC0210,"ENSANCHE, Alcoy, Alicante",150000.0,209.0,,1.0,ENSANCHE,Venta,2025-08-24,38.703654878384,-0.47553457266365,,,,,,,,,,,,,,,,
https://www.picoblanes.com/piso-en-alcoy-centro-con-ascensor-es1105414.html,https://www.picoblanes.com/piso-en-alcoy-centro-con-ascensor-es1105414.html,PIS0616,"CENTRO, Alcoy, Alicante",399000.0,314.0,4.0,3.0,CENTRO,Venta,2025-08-24,38.695544560263,-0.47814152928489,,,,,,,,,,,,,,,,
https://www.picoblanes.com/piso-en-alcoy-ensanche-con-ascensor-es1164744.html,https://www.picoblanes.com/piso-en-alcoy-ensanche-con-ascensor-es1164744.html,PIS0682,"ENSANCHE, Alcoy, Alicante",165000.0,174.0,4.0,2.0,ENSANCHE,Venta,2025-08-24,38.701863101995,-0.47684326088946,,,,,,,,,,,,,,,,
https://www.picoblanes.com/oficina-en-alcoy-norte-con-garaje-es1029850.html,https://www.picoblanes.com/oficina-en-alcoy-norte-con-garaje-es1029850.html,OFI0028,"NORTE, Alcoy, Alicante",1200.0,195.0,,,NORTE,Alquiler,2025-08-24,38.704947530302,-0.47409676997526,,,,,,,,,,,,,,,,
https://www.picoblanes.com/garaje-parking-en-alcoy-ensanche-con-garaje-es1059244.html,https://www.picoblanes.com/garaje-parking-en-alcoy-ensanche-con-garaje-es1059244.html,GAR0029,"ENSANCHE, Alcoy, Alicante",13700.0,13.0,,,ENSANCHE,Venta,2025-08-24,38.700936975673,-0.47756212855995,,,,,,,,,,,,,,,,
https://www.picoblanes.com/parcela-en-alcoy-norte-es843518.html,https://www.picoblanes.com/parcela-en-alcoy-norte-es843518.html,PAR0007,"NORTE, Alcoy, Alicante",250000.0,1400.0,,,NORTE,Venta,2025-08-24,38.712573975648,-0.47247642653264,,,,,,,,,,,,,,,,
https://www.picoblanes.com/local-comercial-en-alcoy-norte-es833214.html,https://www.picoblanes.com/local-comercial-en-alcoy-norte-es833214.html,LOC0046,"NORTE, Alcoy, Alicante",750.0,230.0,,1.0,NORTE,Alquiler,2025-08-24,38.709726123282,-0.46738037994558,,,,,,,,,,,,,,,,
https://www.picoblanes.com/nave-en-alcoy-cotes-baixes-es965789.html,https://www.picoblanes.com/nave-en-alcoy-cotes-baixes-es965789.html,NAV0036,"COTES BAIXES, Alcoy, Alicante",190000.0,900.0,,,COTES BAIXES,Venta,2025-08-24,38.712024454015,-0.45593454173834,,,,,,,,,,,,,,,,
https://www.picoblanes.com/local-comercial-en-alcoy-norte-es917618.html,https://www.picoblanes.com/local-comercial-en-alcoy-norte-es917618.html,LOC0098,"NORTE, Alcoy, Alicante",115000.0,145.0,,,NORTE,Venta,2025-08-24,38.706739229405,-0.47191890737224,,,,,,,,,,,,,,,,
https://www.picoblanes.com/local-comercial-en-alcoy-norte-es894502.html,https://www.picoblanes.com/local-comercial-en-alcoy-norte-es894502.html,LOC0080,"NORTE, Alcoy, Alicante",50000.0,138.0,,,NORTE,Venta,2025-08-24,38.706940164823,-0.47288444715503,,,,,,,,,,,,,,,,
https://www.picoblanes.com/edificio-en-alcoy-centro-es1164373.html,https://www.picoblanes.com/edificio-en-alcoy-centro-es1164373.html,EDF0008,"CENTRO, Alcoy, Alicante",165000.0,450.0,,,CENTRO,Venta,2025-08-24,38.695331948209,-0.47808793660553,,,,,,,,,,,,,,,,
https://www.picoblanes.com/local-comercial-en-alcoy-centro-es1375357.html,https://www.picoblanes.com/local-comercial-en-alcoy-centro-es1375357.html,LOC0235,"CENTRO, Alcoy, Alicante",800.0,218.0,,,CENTRO,Alquiler,2025-08-24,38.695896251922,-0.47725107946966,,,,,,,,,,,,,,,,
https://www.picoblanes.com/casa-chalet-en-cocentaina-cocentaina-con-vistas-es1425314.html,https://www.picoblanes.com/casa-chalet-en-cocentaina-cocentaina-con-vistas-es1425314.html,CHA0121,"COCENTAINA, Cocentaina, Alicante",190000.0,225.0,5.0,1.0,COCENTAINA,Venta,2025-08-24,38.758028101813,-0.43344966033836,,,,,,,,,,,,,,,,
https://www.picoblanes.com/local-comercial-en-alcoy-ensanche-es1556090.html,https://www.picoblanes.com/local-comercial-en-alcoy-ensanche-es1556090.html,LOC0249,"ENSANCHE, Alcoy, Alicante",800000.0,800.0,,,ENSANCHE,Venta,2025-08-24,38.703848025449,-0.47534106498435,,,,,,,,,,,,,,,,
https://www.picoblanes.com/local-comercial-en-alcoy-ensanche-es1053016.html,https://www.picoblanes.com/local-comercial-en-alcoy-ensanche-es1053016.html,LOC0165,"ENSANCHE, Alcoy, Alicante",38000.0,120.0,,,ENSANCHE,Venta,2025-08-24,38.700618800958,-0.48197169998849,,,,,,,,,,,,,,,,
https://www.picoblanes.com/local-comercial-en-alcoy-ensanche-es1243298.html,https://www.picoblanes.com/local-comercial-en-alcoy-ensanche-es1243298.html,LOC0220,"ENSANCHE, Alcoy, Alicante",48000.0,138.0,,,ENSANCHE,Venta,2025-08-24,38.702985060689,-0.47798062843688,,,,,,,,,,,,,,,,
https://www.picoblanes.com/local-comercial-en-alcoy-santa-rosa-es1234941.html,https://www.picoblanes.com/local-comercial-en-alcoy-santa-rosa-es1234941.html,LOC0215,"SANTA ROSA, Alcoy, Alicante",78000.0,253.0,,,SANTA ROSA,Venta,2025-08-24,38.692610458109,-0.48786189437097,,,,,,,,,,,,,,,,
https://www.picoblanes.com/local-comercial-en-alcoy-norte-es894500.html,https://www.picoblanes.com/local-comercial-en-alcoy-norte-es894500.html,LOC0079,"NORTE, Alcoy, Alicante",75000.0,250.0,,,NORTE,Venta,2025-08-24,38.70699877088,-0.47299169589951,,,,,,,,,,,,,,,,
https://www.picoblanes.com/local-comercial-en-alcoy-el-cami-es1317627.html,https://www.picoblanes.com/local-comercial-en-alcoy-el-cami-es1317627.html,LOC0227,"EL CAMI, Alcoy, Alicante",1400.0,547.0,,,EL CAMI,Alquiler,2025-08-24,38.691335102208,-0.47572489778194,,,,,,,,,,,,,,,,
https://www.picoblanes.com/oficina-en-alcoy-ensanche-con-ascensor-es1526193.html,https://www.picoblanes.com/oficina-en-alcoy-ensanche-con-ascensor-es1526193.html,OFI0037,"ENSANCHE, Alcoy, Alicante",650.0,170.0,,1.0,ENSANCHE,Alquiler,2025-08-24,38.699652101341,-0.47978039080026,,,,,,,,,,,,,,,,
https://www.picoblanes.com/oficina-en-alcoy-santa-rosa-con-ascensor-es880899.html,https://www.picoblanes.com/oficina-en-alcoy-santa-rosa-con-ascensor-es880899.html,OFI0017,"SANTA ROSA, Alcoy, Alicante",800.0,130.0,,2.0,SANTA ROSA,Alquiler,2025-08-24,38.697780284934,-0.48144602663768,,,,,,,,,,,,,,,,
https://www.picoblanes.com/casa-chalet-en-cocentaina-els-algars-con-piscina-es1625913.html,https://www.picoblanes.com/casa-chalet-en-cocentaina-els-algars-con-piscina-es1625913.html,CHA0145,"ELS ALGARS, Cocentaina, Alicante",400000.0,412.0,5.0,3.0,ELS ALGARS,Venta,2025-08-24,38.716705782588,-0.45422735539037,,,,,,,,,,,,,,,,
https://www.picoblanes.com/local-comercial-en-alcoy-ensanche-es965479.html,https://www.picoblanes.com/local-comercial-en-alcoy-ensanche-es965479.html,LOC0135,"ENSANCHE, Alcoy, Alicante",800.0,215.0,,,ENSANCHE,Alquiler,2025-08-24,38.701933355755,-0.47953630966552,,,,,,,,,,,,,,,,
https://www.picoblanes.com/local-comercial-en-alcoy-ensanche-es1099075.html,https://www.picoblanes.com/local-comercial-en-alcoy-ensanche-es1099075.html,LOC0182,"ENSANCHE, Alcoy, Alicante",180000.0,140.0,,,ENSANCHE,Venta,2025-08-24,38.702611556105,-0.47772310071695,,,,,,,,,,,,,,,,
https://www.picoblanes.com/local-comercial-en-alcoy-norte-es823707.html,https://www.picoblanes.com/local-comercial-en-alcoy-norte-es823707.html,LOC0036,"NORTE, Alcoy, Alicante",80000.0,101.0,,,NORTE,Venta,2025-08-24,38.707808916205,-0.46845341805437,,,,,,,,,,,,,,,,
https://www.picoblanes.com/piso-en-alcoy-santa-rosa-con-ascensor-es1592123.html,https://www.picoblanes.com/piso-en-alcoy-santa-rosa-con-ascensor-es1592123.html,PIS0859,"SANTA ROSA, Alcoy, Alicante",130000.0,130.0,,2.0,SANTA ROSA,Venta,2025-08-24,38.697805405039,-0.48144602663768,,,,,,,,,,,,,,,,
https://www.picoblanes.com/oficina-en-alcoy-centro-con-vistas-es774710.html,https://www.picoblanes.com/oficina-en-alcoy-centro-con-vistas-es774710.html,OFI0001,"CENTRO, Alcoy, Alicante",225000.0,130.0,5.0,1.0,CENTRO,Venta,2025-08-24,,,,,,,,,,,,,,,,,,
https://www.picoblanes.com/oficina-en-alcoy-centro-es1595974.html,https://www.picoblanes.com/oficina-en-alcoy-centro-es1595974.html,OFI0040,"CENTRO, Alcoy, Alicante",800.0,,,,CENTRO,Alquiler,2025-08-24,38.695942306654,-0.47640394863338,,,,,,,,,,,,,,,,
https://www.picoblanes.com/oficina-en-alcoy-centro-es1561715.html,https://www.picoblanes.com/oficina-en-alcoy-centro-es1561715.html,OFI0039,"CENTRO, Alcoy, Alicante",40000.0,69.0,,,CENTRO,Venta,2025-08-24,38.695655118281,-0.47612579282228,,,,,,,,,,,,,,,,
https://www.picoblanes.com/oficina-en-alcoy-ensanche-con-ascensor-es1526191.html,https://www.picoblanes.com/oficina-en-alcoy-ensanche-con-ascensor-es1526191.html,OFI0036,"ENSANCHE, Alcoy, Alicante",130000.0,170.0,,1.0,ENSANCHE,Venta,2025-08-24,38.699652101341,-0.47978039080026,,,,,,,,,,,,,,,,
https://www.picoblanes.com/nave-en-alcoy-cotes-baixes-es824697.html,https://www.picoblanes.com/nave-en-alcoy-cotes-baixes-es824697.html,NAV0013,"COTES BAIXES, Alcoy, Alicante",300000.0,1000.0,,,COTES BAIXES,Venta,2025-08-24,38.710399278911,-0.45968880242079,,,,,,,,,,,,,,,,
https://www.picoblanes.com/oficina-en-alcoy-norte-es1030101.html,https://www.picoblanes.com/oficina-en-alcoy-norte-es1030101.html,OFI0029,"NORTE, Alcoy, Alicante",1500.0,230.0,,1.0,NORTE,Alquiler,2025-08-24,38.704947530302,-0.47407532022636,,,,,,,,,,,,,,,,
https://www.picoblanes.com/local-comercial-en-alcoy-norte-es1618166.html,https://www.picoblanes.com/local-comercial-en-alcoy-norte-es1618166.html,LOC0261,"NORTE, Alcoy, Alicante",450.0,255.0,,,NORTE,Alquiler,2025-08-24,38.707154573802,-0.4716720886803,,,,,,,,,,,,,,,,
https://www.picoblanes.com/casa-chalet-en-alcoy-montesol-con-piscina-es1395169.html,https://www.picoblanes.com/casa-chalet-en-alcoy-montesol-con-piscina-es1395169.html,CHA0118,"MONTESOL, Alcoy, Alicante",460000.0,250.0,6.0,3.0,MONTESOL,Venta,2025-08-24,38.68717737385,-0.5730386901196,,,,,,,,,,,,,,,,
https://www.picoblanes.com/piso-en-alcoy-santa-rosa-con-ascensor-es1563617.html,https://www.picoblanes.com/piso-en-alcoy-santa-rosa-con-ascensor-es1563617.html,PIS0849,"SANTA ROSA, Alcoy, Alicante",150000.0,106.0,3.0,2.0,SANTA ROSA,Venta,2025-08-24,38.692664627239,-0.48727729756027,,,,,,,,,,,,,,,,
https://www.picoblanes.com/piso-en-alcoy-norte-con-ascensor-es1557367.html,https://www.picoblanes.com/piso-en-alcoy-norte-con-ascensor-es1557367.html,PIS0836,"NORTE, Alcoy, Alicante",124000.0,98.0,3.0,2.0,NORTE,Venta,2025-08-24,38.70769474984,-0.47355444741176,,,,,,,,,,,,,,,,
https://www.picoblanes.com/casa-chalet-en-cocentaina-gormaig-con-piscina-es1251679.html,https://www.picoblanes.com/casa-chalet-en-cocentaina-gormaig-con-piscina-es1251679.html,CHA0108,"GORMAIG, Cocentaina, Alicante",400000.0,280.0,3.0,2.0,GORMAIG,Venta,2025-08-24,38.723461899827,-0.45813226984184,,,,,,,,,,,,,,,,
https://www.picoblanes.com/parcela-en-alcoy-beniata-es919385.html,https://www.picoblanes.com/parcela-en-alcoy-beniata-es919385.html,PAR0011,"BENIATA, Alcoy, Alicante",195000.0,1708.0,,,BENIATA,Venta,2025-08-24,38.684616136447,-0.49292550882994,,,,,,,,,,,,,,,,
https://www.picoblanes.com/local-comercial-en-alcoy-ensanche-es1093547.html,https://www.picoblanes.com/local-comercial-en-alcoy-ensanche-es1093547.html,LOC0180,"ENSANCHE, Alcoy, Alicante",85000.0,204.0,,,ENSANCHE,Venta,2025-08-24,38.701454399047,-0.47908567874296,,,,,,,,,,,,,,,,
https://www.picoblanes.com/local-comercial-en-alcoy-viaducto-con-garaje-es1106936.html,https://www.picoblanes.com/local-comercial-en-alcoy-viaducto-con-garaje-es1106936.html,LOC0183,"VIADUCTO, Alcoy, Alicante",89000.0,432.0,,,VIADUCTO,Venta,2025-08-24,38.699286232716,-0.46976213817115,,,,,,,,,,,,,,,,
https://www.picoblanes.com/local-comercial-en-alcoy-santa-rosa-es1085717.html,https://www.picoblanes.com/local-comercial-en-alcoy-santa-rosa-es1085717.html,LOC0178,"SANTA ROSA, Alcoy, Alicante",86000.0,125.0,,,SANTA ROSA,Venta,2025-08-24,38.695351966479,-0.48706792484806,,,,,,,,,,,,,,,,
https://www.picoblanes.com/piso-en-alcoy-ensanche-con-ascensor-es1526092.html,https://www.picoblanes.com/piso-en-alcoy-ensanche-con-ascensor-es1526092.html,PIS0816,"ENSANCHE, Alcoy, Alicante",150000.0,144.0,4.0,1.0,ENSANCHE,Venta,2025-08-24,38.70113177849,-0.48215957035971,,,,,,,,,,,,,,,,
https://www.picoblanes.com/piso-en-alcoy-norte-con-ascensor-es1299065.html,https://www.picoblanes.com/piso-en-alcoy-norte-con-ascensor-es1299065.html,PIS0746,"NORTE, Alcoy, Alicante",187500.0,180.0,4.0,2.0,NORTE,Venta,2025-08-24,38.71078987894,-0.46710171732802,,,,,,,,,,,,,,,,
https://www.picoblanes.com/garaje-parking-en-alcoy-ensanche-con-garaje-es919389.html,https://www.picoblanes.com/garaje-parking-en-alcoy-ensanche-con-garaje-es919389.html,GAR0009,"ENSANCHE, Alcoy, Alicante",13000.0,,,,ENSANCHE,Venta,2025-08-24,38.700007566612,-0.4788065824258,,,,,,,,,,,,,,,,
https://www.picoblanes.com/oficina-en-alcoy-centro-con-ascensor-es988192.html,https://www.picoblanes.com/oficina-en-alcoy-centro-con-ascensor-es988192.html,OFI0023,"CENTRO, Alcoy, Alicante",300.0,50.0,,2.0,CENTRO,Alquiler,2025-08-24,38.698776708996,-0.47377488112381,,,,,,,,,,,,,,,,
https://www.picoblanes.com/piso-en-alcoy-centro-es1547608.html,https://www.picoblanes.com/piso-en-alcoy-centro-es1547608.html,PIS0827,"CENTRO, Alcoy, Alicante",75000.0,75.0,2.0,1.0,CENTRO,Venta,2025-08-24,38.693464729428,-0.47309803989245,,,,,,,,,,,,,,,,
https://www.picoblanes.com/oficina-en-alcoy-santa-rosa-con-ascensor-es827995.html,https://www.picoblanes.com/oficina-en-alcoy-santa-rosa-con-ascensor-es827995.html,OFI0013,"SANTA ROSA, Alcoy, Alicante",300.0,90.0,,,SANTA ROSA,Alquiler,2025-08-24,38.69764434838,-0.48554447370532,,,,,,,,,,,,,,,,
https://www.picoblanes.com/local-comercial-en-alcoy-ensanche-es1111761.html,https://www.picoblanes.com/local-comercial-en-alcoy-ensanche-es1111761.html,LOC0187,"ENSANCHE, Alcoy, Alicante",80000.0,130.0,,,ENSANCHE,Venta,2025-08-24,38.699304221997,-0.47969722635997,,,,,,,,,,,,,,,,
https://www.picoblanes.com/nave-en-alcoy-viaducto-es1334712.html,https://www.picoblanes.com/nave-en-alcoy-viaducto-es1334712.html,NAV0050,"VIADUCTO, Alcoy, Alicante",175000.0,751.0,,,VIADUCTO,Venta,2025-08-24,38.697074200262,-0.46791425955141,,,,,,,,,,,,,,,,
https://www.picoblanes.com/casa-de-pueblo-en-benilloba-pueblos-de-la-montantildea-con-vistas-es1047132.html,https://www.picoblanes.com/casa-de-pueblo-en-benilloba-pueblos-de-la-montantildea-con-vistas-es1047132.html,PUE0013,"PUEBLOS DE LA MONTAÑA, Benilloba, Alicante",70000.0,288.0,5.0,2.0,PUEBLOS DE LA MONTAÑA,Venta,2025-08-24,38.699840104236,-0.38860960629479,,,,,,,,,,,,,,,,
https://www.picoblanes.com/local-comercial-en-alcoy-el-cami-es932120.html,https://www.picoblanes.com/local-comercial-en-alcoy-el-cami-es932120.html,LOC0114,"EL CAMI, Alcoy, Alicante",88000.0,196.0,,,EL CAMI,Venta,2025-08-24,38.690084744161,-0.47763732945264,,,,,,,,,,,,,,,,
https://www.picoblanes.com/local-comercial-en-alcoy-centro-es1566315.html,https://www.picoblanes.com/local-comercial-en-alcoy-centro-es1566315.html,LOC0252,"CENTRO, Alcoy, Alicante",1000.0,160.0,,,CENTRO,Alquiler,2025-08-24,38.696397226377,-0.47541688457741,,,,,,,,,,,,,,,,
https://www.picoblanes.com/casa-adosada-en-cocentaina-cocentaina-con-garaje-es1610650.html,https://www.picoblanes.com/casa-adosada-en-cocentaina-cocentaina-con-garaje-es1610650.html,ADO0050,"COCENTAINA, Cocentaina, Alicante",185000.0,140.0,4.0,2.0,COCENTAINA,Venta,2025-08-24,38.741397073193,-0.43465764313671,,,,,,,,,,,,,,,,
https://www.picoblanes.com/local-comercial-en-alcoy-ensanche-es1572886.html,https://www.picoblanes.com/local-comercial-en-alcoy-ensanche-es1572886.html,LOC0253,"ENSANCHE, Alcoy, Alicante",70000.0,125.0,,,ENSANCHE,Venta,2025-08-24,38.699494319354,-0.48113723443453,,,,,,,,,,,,,,,,
https://www.picoblanes.com/local-comercial-en-alcoy-centro-es1273095.html,https://www.picoblanes.com/local-comercial-en-alcoy-centro-es1273095.html,LOC0222,"CENTRO, Alcoy, Alicante",85000.0,164.0,,,CENTRO,Venta,2025-08-24,38.69673216686,-0.47422592065673,,,,,,,,,,,,,,,,
https://www.picoblanes.com/local-comercial-en-alcoy-santa-rosa-es1082623.html,https://www.picoblanes.com/local-comercial-en-alcoy-santa-rosa-es1082623.html,LOC0177,"SANTA ROSA, Alcoy, Alicante",500.0,120.0,,,SANTA ROSA,Alquiler,2025-08-24,38.697812535484,-0.4850988686811,,,,,,,,,,,,,,,,
https://www.picoblanes.com/local-comercial-en-alcoy-ensanche-es1000794.html,https://www.picoblanes.com/local-comercial-en-alcoy-ensanche-es1000794.html,LOC0154,"ENSANCHE, Alcoy, Alicante",750.0,150.0,,,ENSANCHE,Alquiler,2025-08-24,38.704024845311,-0.47607075300028,,,,,,,,,,,,,,,,
https://www.picoblanes.com/parcela-en-cocentaina-gormaig-es1186467.html,https://www.picoblanes.com/parcela-en-cocentaina-gormaig-es1186467.html,PAR0015,"GORMAIG, Cocentaina, Alicante",100000.0,1439.0,,,GORMAIG,Venta,2025-08-24,38.721024438888,-0.46460671669011,,,,,,,,,,,,,,,,
https://www.picoblanes.com/piso-en-alcoy-el-cami-con-ascensor-es1362744.html,https://www.picoblanes.com/piso-en-alcoy-el-cami-con-ascensor-es1362744.html,PIS0782,"EL CAMI, Alcoy, Alicante",145000.0,120.0,3.0,2.0,EL CAMI,Venta,2025-08-24,38.691758721037,-0.47586438667507,,,,,,,,,,,,,,,,
https://www.picoblanes.com/piso-en-alcoy-centro-con-vistas-es1574647.html,https://www.picoblanes.com/piso-en-alcoy-centro-con-vistas-es1574647.html,PIS0853,"CENTRO, Alcoy, Alicante",600.0,70.0,2.0,1.0,CENTRO,Alquiler,2025-08-24,38.693433283691,-0.4732260296677,,,,,,,,,,,,,,,,
https://www.picoblanes.com/oficina-en-alcoy-norte-con-ascensor-es849800.html,https://www.picoblanes.com/oficina-en-alcoy-norte-con-ascensor-es849800.html,OFI0015,"NORTE, Alcoy, Alicante",80000.0,60.0,,,NORTE,Venta,2025-08-24,38.704905144353,-0.4741503943475,,,,,,,,,,,,,,,,
https://www.picoblanes.com/piso-en-alcoy-centro-con-vistas-es1334738.html,https://www.picoblanes.com/piso-en-alcoy-centro-con-vistas-es1334738.html,PIS0767,"CENTRO, Alcoy, Alicante",45000.0,90.0,3.0,1.0,CENTRO,Venta,2025-08-24,38.693766610076,-0.47316069895151,,,,,,,,,,,,,,,,
https://www.picoblanes.com/piso-en-alcoy-norte-con-ascensor-es1548692.html,https://www.picoblanes.com/piso-en-alcoy-norte-con-ascensor-es1548692.html,PIS0828,"NORTE, Alcoy, Alicante",170000.0,122.0,3.0,2.0,NORTE,Venta,2025-08-24,38.708192745632,-0.47249996426896,,,,,,,,,,,,,,,,
https://www.picoblanes.com/casa-chalet-en-muro-de-alcoy-muro-con-piscina-es1550181.html,https://www.picoblanes.com/casa-chalet-en-muro-de-alcoy-muro-con-piscina-es1550181.html,CHA0132,"MURO, Muro de Alcoy, Alicante",350000.0,300.0,6.0,3.0,MURO,Venta,2025-08-24,38.780436541768,-0.43977205343154,,,,,,,,,,,,,,,,
https://www.picoblanes.com/casa-chalet-en-cocentaina-cocentaina-con-piscina-es795894.html,https://www.picoblanes.com/casa-chalet-en-cocentaina-cocentaina-con-piscina-es795894.html,CHA0002,"COCENTAINA, Cocentaina, Alicante",340000.0,230.0,5.0,2.0,COCENTAINA,Venta,2025-08-24,38.733464567286,-0.44500323889757,,,,,,,,,,,,,,,,
https://www.picoblanes.com/casa-adosada-en-benimarfull-pueblos-de-la-montantildea-con-vistas-es1153805.html,https://www.picoblanes.com/casa-adosada-en-benimarfull-pueblos-de-la-montantildea-con-vistas-es1153805.html,ADO0039,"PUEBLOS DE LA MONTAÑA, Benimarfull, Alicante",325000.0,315.0,5.0,3.0,PUEBLOS DE LA MONTAÑA,Venta,2025-08-24,38.774018121763,-0.39223583621347,,,,,,,,,,,,,,,,
https://www.picoblanes.com/local-comercial-en-alcoy-ensanche-es1557699.html,https://www.picoblanes.com/local-comercial-en-alcoy-ensanche-es1557699.html,LOC0250,"ENSANCHE, Alcoy, Alicante",3000.0,800.0,,,ENSANCHE,Alquiler,2025-08-24,38.703848025449,-0.47534106498435,,,,,,,,,,,,,,,,
https://www.picoblanes.com/local-comercial-en-alcoy-centro-es1047088.html,https://www.picoblanes.com/local-comercial-en-alcoy-centro-es1047088.html,LOC0163,"CENTRO, Alcoy, Alicante",60000.0,110.0,,,CENTRO,Venta,2025-08-24,38.696158776581,-0.47514291092139,,,,,,,,,,,,,,,,
https://www.picoblanes.com/casa-chalet-en-alcoy-ensanche-con-piscina-es1623079.html,https://www.picoblanes.com/casa-chalet-en-alcoy-ensanche-con-piscina-es1623079.html,CHA0144,"ENSANCHE, Alcoy, Alicante",350000.0,300.0,7.0,3.0,ENSANCHE,Venta,2025-08-24,38.700996633274,-0.48066396114529,,,,,,,,,,,,,,,,
https://www.picoblanes.com/local-comercial-en-alcoy-ensanche-es961247.html,https://www.picoblanes.com/local-comercial-en-alcoy-ensanche-es961247.html,LOC0131,"ENSANCHE, Alcoy, Alicante",110000.0,337.0,,,ENSANCHE,Venta,2025-08-24,38.702812503122,-0.47941850639588,,,,,,,,,,,,,,,,
https://www.picoblanes.com/local-comercial-en-alcoy-ensanche-es989276.html,https://www.picoblanes.com/local-comercial-en-alcoy-ensanche-es989276.html,LOC0144,"ENSANCHE, Alcoy, Alicante",70000.0,260.0,,,ENSANCHE,Venta,2025-08-24,38.702822795479,-0.48112958641068,,,,,,,,,,,,,,,,
https://www.picoblanes.com/piso-en-alcoy-centro-con-ascensor-es1511047.html,https://www.picoblanes.com/piso-en-alcoy-centro-con-ascensor-es1511047.html,PIS0815,"CENTRO, Alcoy, Alicante",185000.0,125.0,3.0,2.0,CENTRO,Venta,2025-08-24,38.696553968507,-0.47765592348643,,,,,,,,,,,,,,,,
https://www.picoblanes.com/piso-en-alcoy-centro-es1298942.html,https://www.picoblanes.com/piso-en-alcoy-centro-es1298942.html,PIS0744,"CENTRO, Alcoy, Alicante",79000.0,142.0,5.0,1.0,CENTRO,Venta,2025-08-24,38.696275286717,-0.4738552625502,,,,,,,,,,,,,,,,
https://www.picoblanes.com/casa-adosada-en-alcoy-ensanche-con-piscina-es1495088.html,https://www.picoblanes.com/casa-adosada-en-alcoy-ensanche-con-piscina-es1495088.html,ADO0047,"ENSANCHE, Alcoy, Alicante",375000.0,251.0,3.0,2.0,ENSANCHE,Venta,2025-08-24,38.7019646378,-0.48455120211135,,,,,,,,,,,,,,,,
https://www.picoblanes.com/nave-en-alcoy-beniata-es1277066.html,https://www.picoblanes.com/nave-en-alcoy-beniata-es1277066.html,NAV0048,"BENIATA, Alcoy, Alicante",1000.0,413.0,,,BENIATA,Alquiler,2025-08-24,38.684896695406,-0.48865624228513,,,,,,,,,,,,,,,,
https://www.picoblanes.com/local-comercial-en-alcoy-batoy-es824775.html,https://www.picoblanes.com/local-comercial-en-alcoy-batoy-es824775.html,LOC0041,"BATOY, Alcoy, Alicante",350.0,120.0,,,BATOY,Alquiler,2025-08-24,38.689035989925,-0.49318336140201,,,,,,,,,,,,,,,,
https://www.picoblanes.com/local-comercial-en-alcoy-santa-rosa-es775367.html,https://www.picoblanes.com/local-comercial-en-alcoy-santa-rosa-es775367.html,LOC0008,"SANTA ROSA, Alcoy, Alicante",500.0,170.0,,,SANTA ROSA,Alquiler,2025-08-24,38.697418266609,-0.4843638263454,,,,,,,,,,,,,,,,
https://www.picoblanes.com/piso-en-alcoy-ensanche-con-vistas-es1600592.html,https://www.picoblanes.com/piso-en-alcoy-ensanche-con-vistas-es1600592.html,PIS0861,"ENSANCHE, Alcoy, Alicante",72000.0,90.0,3.0,2.0,ENSANCHE,Venta,2025-08-24,38.704559697921,-0.4753357381928,,,,,,,,,,,,,,,,
https://www.picoblanes.com/atico-en-alcoy-ensanche-con-ascensor-es1085734.html,https://www.picoblanes.com/atico-en-alcoy-ensanche-con-ascensor-es1085734.html,ATC0041,"ENSANCHE, Alcoy, Alicante",140000.0,95.0,2.0,1.0,ENSANCHE,Venta,2025-08-24,38.700844872611,-0.47848490750135,,,,,,,,,,,,,,,,
https://www.picoblanes.com/piso-en-alcoy-el-cami-es1319652.html,https://www.picoblanes.com/piso-en-alcoy-el-cami-es1319652.html,PIS0759,"EL CAMI, Alcoy, Alicante",120000.0,100.0,3.0,1.0,EL CAMI,Venta,2025-08-24,38.692352376529,-0.4771303893301,,,,,,,,,,,,,,,,
https://www.picoblanes.com/local-comercial-en-alcoy-ensanche-es965477.html,https://www.picoblanes.com/local-comercial-en-alcoy-ensanche-es965477.html,LOC0134,"ENSANCHE, Alcoy, Alicante",150000.0,215.0,,,ENSANCHE,Venta,2025-08-24,38.701933355755,-0.47953630966552,,,,,,,,,,,,,,,,
https://www.picoblanes.com/nave-en-alcoy-viaducto-es832692.html,https://www.picoblanes.com/nave-en-alcoy-viaducto-es832692.html,NAV0017,"VIADUCTO, Alcoy, Alicante",99000.0,312.0,,,VIADUCTO,Venta,2025-08-24,38.696155309404,-0.46938528968633,,,,,,,,,,,,,,,,
https://www.picoblanes.com/local-comercial-en-alcoy-el-cami-es1319447.html,https://www.picoblanes.com/local-comercial-en-alcoy-el-cami-es1319447.html,LOC0229,"EL CAMI, Alcoy, Alicante",700.0,187.0,,,EL CAMI,Alquiler,2025-08-24,38.693161161377,-0.47502752694414,,,,,,,,,,,,,,,,
https://www.picoblanes.com/casa-chalet-en-cocentaina-cocentaina-con-piscina-es1010952.html,https://www.picoblanes.com/casa-chalet-en-cocentaina-cocentaina-con-piscina-es1010952.html,CHA0079,"COCENTAINA, Cocentaina, Alicante",415000.0,505.0,6.0,3.0,COCENTAINA,Venta,2025-08-24,38.763612399467,-0.44572163956436,,,,,,,,,,,,,,,,
https://www.picoblanes.com/casa-chalet-en-cocentaina-gormaig-con-piscina-es1254437.html,https://www.picoblanes.com/casa-chalet-en-cocentaina-gormaig-con-piscina-es1254437.html,CHA0109,"GORMAIG, Cocentaina, Alicante",630000.0,227.0,4.0,3.0,GORMAIG,Venta,2025-08-24,38.720570011924,-0.46435496079384,,,,,,,,,,,,,,,,
https://www.picoblanes.com/piso-en-alcoy-ensanche-con-garaje-es1251685.html,https://www.picoblanes.com/piso-en-alcoy-ensanche-con-garaje-es1251685.html,PIS0732,"ENSANCHE, Alcoy, Alicante",125000.0,159.0,5.0,1.0,ENSANCHE,Venta,2025-08-24,38.704801926614,-0.47695052548039,,,,,,,,,,,,,,,,
https://www.picoblanes.com/atico-en-alcoy-centro-con-ascensor-es1264761.html,https://www.picoblanes.com/atico-en-alcoy-centro-con-ascensor-es1264761.html,ATC0053,"CENTRO, Alcoy, Alicante",160000.0,92.0,2.0,1.0,CENTRO,Venta,2025-08-24,38.695766461154,-0.47653296941538,,,,,,,,,,,,,,,,
https://www.picoblanes.com/nave-en-alcoy-beniata-es772543.html,https://www.picoblanes.com/nave-en-alcoy-beniata-es772543.html,NAV0002,"BENIATA, Alcoy, Alicante",120000.0,400.0,,,BENIATA,Venta,2025-08-24,38.68665762267,-0.47504047573286,,,,,,,,,,,,,,,,
https://www.picoblanes.com/local-comercial-en-alcoy-ensanche-es1539090.html,https://www.picoblanes.com/local-comercial-en-alcoy-ensanche-es1539090.html,LOC0245,"ENSANCHE, Alcoy, Alicante",70520.0,218.0,,,ENSANCHE,Venta,2025-08-24,38.699675011236,-0.48674340189685,,,,,,,,,,,,,,,,
https://www.picoblanes.com/local-comercial-en-alcoy-santa-rosa-es917375.html,https://www.picoblanes.com/local-comercial-en-alcoy-santa-rosa-es917375.html,LOC0090,"SANTA ROSA, Alcoy, Alicante",35000.0,47.0,,,SANTA ROSA,Venta,2025-08-24,38.693132913734,-0.48549081367858,,,,,,,,,,,,,,,,
https://www.picoblanes.com/piso-en-alcoy-centro-con-ascensor-es1626086.html,https://www.picoblanes.com/piso-en-alcoy-centro-con-ascensor-es1626086.html,PIS0887,"CENTRO, Alcoy, Alicante",238000.0,200.0,3.0,3.0,CENTRO,Venta,2025-08-24,38.696553575743,-0.47599621944767,,,,,,,,,,,,,,,,
https://www.picoblanes.com/piso-en-alcoy-norte-con-ascensor-es1625726.html,https://www.picoblanes.com/piso-en-alcoy-norte-con-ascensor-es1625726.html,PIS0884,"NORTE, Alcoy, Alicante",180000.0,111.0,3.0,2.0,NORTE,Venta,2025-08-24,38.707898786436,-0.47339999334721,,,,,,,,,,,,,,,,
https://www.picoblanes.com/local-comercial-en-alcoy-viaducto-con-garaje-es1106939.html,https://www.picoblanes.com/local-comercial-en-alcoy-viaducto-con-garaje-es1106939.html,LOC0184,"VIADUCTO, Alcoy, Alicante",700.0,432.0,,,VIADUCTO,Alquiler,2025-08-24,38.699286232716,-0.46976213817115,,,,,,,,,,,,,,,,
https://www.picoblanes.com/piso-en-alcoy-ensanche-con-vistas-es1500378.html,https://www.picoblanes.com/piso-en-alcoy-ensanche-con-vistas-es1500378.html,PIS0811,"ENSANCHE, Alcoy, Alicante",361305.0,440.0,7.0,4.0,ENSANCHE,Venta,2025-08-24,38.701187307703,-0.47917970921233,,,,,,,,,,,,,,,,
https://www.picoblanes.com/casa-chalet-en-muro-de-alcoy-muro-con-vistas-es1598370.html,https://www.picoblanes.com/casa-chalet-en-muro-de-alcoy-muro-con-vistas-es1598370.html,CHA0139,"MURO, Muro de Alcoy, Alicante",270000.0,210.0,4.0,2.0,MURO,Venta,2025-08-24,38.783712237407,-0.44700865625085,,,,,,,,,,,,,,,,
https://www.picoblanes.com/local-comercial-en-alcoy-centro-es1239237.html,https://www.picoblanes.com/local-comercial-en-alcoy-centro-es1239237.html,LOC0218,"CENTRO, Alcoy, Alicante",500.0,120.0,,,CENTRO,Alquiler,2025-08-24,38.698790184699,-0.47416122222386,,,,,,,,,,,,,,,,
https://www.picoblanes.com/local-comercial-en-alcoy-el-cami-es1044500.html,https://www.picoblanes.com/local-comercial-en-alcoy-el-cami-es1044500.html,LOC0162,"EL CAMI, Alcoy, Alicante",700.0,150.0,,,EL CAMI,Alquiler,2025-08-24,38.688880670929,-0.47781966816471,,,,,,,,,,,,,,,,
https://www.picoblanes.com/local-comercial-en-alcoy-norte-es1070471.html,https://www.picoblanes.com/local-comercial-en-alcoy-norte-es1070471.html,LOC0173,"NORTE, Alcoy, Alicante",85000.0,129.0,,,NORTE,Venta,2025-08-24,38.707827622827,-0.47050256631758,,,,,,,,,,,,,,,,
https://www.picoblanes.com/local-comercial-en-alcoy-ensanche-es841275.html,https://www.picoblanes.com/local-comercial-en-alcoy-ensanche-es841275.html,LOC0051,"ENSANCHE, Alcoy, Alicante",80000.0,130.0,,1.0,ENSANCHE,Venta,2025-08-24,38.70283565909,-0.47817374352434,,,,,,,,,,,,,,,,
https://www.picoblanes.com/local-comercial-en-alcoy-santa-rosa-es1201834.html,https://www.picoblanes.com/local-comercial-en-alcoy-santa-rosa-es1201834.html,LOC0212,"SANTA ROSA, Alcoy, Alicante",2500.0,177.0,,,SANTA ROSA,Alquiler,2025-08-24,38.697241116389,-0.48128511390484,,,,,,,,,,,,,,,,
https://www.picoblanes.com/oficina-en-alcoy-centro-con-ascensor-es1601739.html,https://www.picoblanes.com/oficina-en-alcoy-centro-con-ascensor-es1601739.html,OFI0041,"CENTRO, Alcoy, Alicante",89000.0,180.0,,,CENTRO,Venta,2025-08-24,38.696536828714,-0.47514857085521,,,,,,,,,,,,,,,,
https://www.picoblanes.com/oficina-en-alcoy-santa-rosa-es819421.html,https://www.picoblanes.com/oficina-en-alcoy-santa-rosa-es819421.html,OFI0008,"SANTA ROSA, Alcoy, Alicante",28000.0,30.0,,,SANTA ROSA,Venta,2025-08-24,38.695987838007,-0.48168209272388,,,,,,,,,,,,,,,,
https://www.picoblanes.com/nave-en-alcoy-beniata-es937590.html,https://www.picoblanes.com/nave-en-alcoy-beniata-es937590.html,NAV0033,"BENIATA, Alcoy, Alicante",250000.0,650.0,,2.0,BENIATA,Venta,2025-08-24,38.686031482361,-0.47416100433523,,,,,,,,,,,,,,,,
https://www.picoblanes.com/local-comercial-en-alcoy-norte-es851762.html,https://www.picoblanes.com/local-comercial-en-alcoy-norte-es851762.html,LOC0062,"NORTE, Alcoy, Alicante",80000.0,190.0,,,NORTE,Venta,2025-08-24,38.708143803243,-0.4679384933477,,,,,,,,,,,,,,,,
https://www.picoblanes.com/piso-en-alcoy-centro-con-ascensor-es1362111.html,https://www.picoblanes.com/piso-en-alcoy-centro-con-ascensor-es1362111.html,PIS0776,"CENTRO, Alcoy, Alicante",140000.0,104.0,3.0,2.0,CENTRO,Venta,2025-08-24,38.695927028079,-0.47591800631274,,,,,,,,,,,,,,,,
https://www.picoblanes.com/casa-chalet-en-alcoy-viaducto-con-piscina-es1228892.html,https://www.picoblanes.com/casa-chalet-en-alcoy-viaducto-con-piscina-es1228892.html,CHA0107,"VIADUCTO, Alcoy, Alicante",395000.0,575.0,6.0,3.0,VIADUCTO,Venta,2025-08-24,38.695150605983,-0.46614009567576,,,,,,,,,,,,,,,,
https://www.picoblanes.com/edificio-en-alcoy-centro-es1499967.html,https://www.picoblanes.com/edificio-en-alcoy-centro-es1499967.html,EDF0010,"CENTRO, Alcoy, Alicante",502200.0,505.0,,,CENTRO,Venta,2025-08-24,38.694145161672,-0.47632700245601,,,,,,,,,,,,,,,,
https://www.picoblanes.com/oficina-en-alcoy-ensanche-es804800.html,https://www.picoblanes.com/oficina-en-alcoy-ensanche-es804800.html,OFI0006,"ENSANCHE, Alcoy, Alicante",22000.0,25.0,,1.0,ENSANCHE,Venta,2025-08-24,,,,,,,,,,,,,,,,,,
https://www.picoblanes.com/local-comercial-en-alcoy-norte-es1334749.html,https://www.picoblanes.com/local-comercial-en-alcoy-norte-es1334749.html,LOC0232,"NORTE, Alcoy, Alicante",800.0,270.0,,,NORTE,Alquiler,2025-08-24,38.70727219253,-0.47297840690901,,,,,,,,,,,,,,,,
https://www.picoblanes.com/casa-chalet-en-alcoy-sargento-con-piscina-es807529.html,https://www.picoblanes.com/casa-chalet-en-alcoy-sargento-con-piscina-es807529.html,CHA0009,"SARGENTO, Alcoy, Alicante",450000.0,118.0,3.0,2.0,SARGENTO,Venta,2025-08-24,38.712333421471,-0.52149489661736,,,,,,,,,,,,,,,,
https://www.picoblanes.com/casa-de-pueblo-en-planes-pueblos-de-la-montantildea-con-vistas-es1000827.html,https://www.picoblanes.com/casa-de-pueblo-en-planes-pueblos-de-la-montantildea-con-vistas-es1000827.html,PUE0012,"PUEBLOS DE LA MONTAÑA, Planes, Alicante",195000.0,338.0,4.0,3.0,PUEBLOS DE LA MONTAÑA,Venta,2025-08-24,38.783304917397,-0.33953568038485,,,,,,,,,,,,,,,,
https://www.picoblanes.com/local-comercial-en-muro-de-alcoy-muro-es1600792.html,https://www.picoblanes.com/local-comercial-en-muro-de-alcoy-muro-es1600792.html,LOC0258,"MURO, Muro de Alcoy, Alicante",180000.0,530.0,,,MURO,Venta,2025-08-24,38.781197139727,-0.43818155910059,,,,,,,,,,,,,,,,
https://www.picoblanes.com/local-comercial-en-alcoy-ensanche-es955107.html,https://www.picoblanes.com/local-comercial-en-alcoy-ensanche-es955107.html,LOC0129,"ENSANCHE, Alcoy, Alicante",27500.0,116.0,,,ENSANCHE,Venta,2025-08-24,38.704489983122,-0.47659092149392,,,,,,,,,,,,,,,,
https://www.picoblanes.com/casa-chalet-en-benimarfull-pueblos-de-la-montantildea-con-piscina-es1598091.html,https://www.picoblanes.com/casa-chalet-en-benimarfull-pueblos-de-la-montantildea-con-piscina-es1598091.html,CHA0138,"PUEBLOS DE LA MONTAÑA, Benimarfull, Alicante",275000.0,170.0,2.0,2.0,PUEBLOS DE LA MONTAÑA,Venta,2025-08-24,38.775663268433,-0.39101122579044,,,,,,,,,,,,,,,,
https://www.picoblanes.com/casa-chalet-en-cocentaina-gormaig-con-vistas-es1356457.html,https://www.picoblanes.com/casa-chalet-en-cocentaina-gormaig-con-vistas-es1356457.html,CHA0116,"GORMAIG, Cocentaina, Alicante",600000.0,518.0,6.0,3.0,GORMAIG,Venta,2025-08-24,38.719470433408,-0.46306751748382,,,,,,,,,,,,,,,,
https://www.picoblanes.com/nave-en-alcoy-viaducto-es771927.html,https://www.picoblanes.com/nave-en-alcoy-viaducto-es771927.html,EDF0001,"VIADUCTO, Alcoy, Alicante",390000.0,789.0,,,VIADUCTO,Venta,2025-08-24,,,,,,,,,,,,,,,,,,
https://www.picoblanes.com/nave-en-alcoy-beniata-es975279.html,https://www.picoblanes.com/nave-en-alcoy-beniata-es975279.html,NAV0038,"BENIATA, Alcoy, Alicante",2000.0,963.0,,,BENIATA,Alquiler,2025-08-24,38.683911724473,-0.4906941236681,,,,,,,,,,,,,,,,
https://www.picoblanes.com/nave-en-muro-de-alcoy-muro-es827131.html,https://www.picoblanes.com/nave-en-muro-de-alcoy-muro-es827131.html,NAV0015,"MURO, Muro de Alcoy, Alicante",225000.0,1380.0,,2.0,MURO,Venta,2025-08-24,38.779999880972,-0.4470930300385,,,,,,,,,,,,,,,,
https://www.picoblanes.com/oficina-en-alcoy-santa-rosa-con-ascensor-es827987.html,https://www.picoblanes.com/oficina-en-alcoy-santa-rosa-con-ascensor-es827987.html,OFI0011,"SANTA ROSA, Alcoy, Alicante",350.0,90.0,,,SANTA ROSA,Alquiler,2025-08-24,38.697652721765,-0.48555519857977,,,,,,,,,,,,,,,,
https://www.picoblanes.com/local-comercial-en-alcoy-el-cami-es1557941.html,https://www.picoblanes.com/local-comercial-en-alcoy-el-cami-es1557941.html,LOC0251,"EL CAMI, Alcoy, Alicante",45000.0,106.0,,,EL CAMI,Venta,2025-08-24,38.688867600733,-0.47780745923672,,,,,,,,,,,,,,,,
https://www.picoblanes.com/casa-adosada-en-cocentaina-cocentaina-con-vistas-es1551462.html,https://www.picoblanes.com/casa-adosada-en-cocentaina-cocentaina-con-vistas-es1551462.html,ADO0048,"COCENTAINA, Cocentaina, Alicante",150000.0,186.0,5.0,1.0,COCENTAINA,Venta,2025-08-24,38.740861502482,-0.43386877296017,,,,,,,,,,,,,,,,
https://www.picoblanes.com/piso-en-alcoy-centro-con-ascensor-es1046987.html,https://www.picoblanes.com/piso-en-alcoy-centro-con-ascensor-es1046987.html,PIS0539,"CENTRO, Alcoy, Alicante",140000.0,120.0,3.0,2.0,CENTRO,Venta,2025-08-24,38.694196392885,-0.47653236234041,,,,,,,,,,,,,,,,
https://www.picoblanes.com/local-comercial-en-alcoy-norte-es1575675.html,https://www.picoblanes.com/local-comercial-en-alcoy-norte-es1575675.html,LOC0254,"NORTE, Alcoy, Alicante",150000.0,308.0,,,NORTE,Venta,2025-08-24,38.707556376329,-0.46847481558598,,,,,,,,,,,,,,,,
https://www.picoblanes.com/local-comercial-en-alcoy-viaducto-es1153814.html,https://www.picoblanes.com/local-comercial-en-alcoy-viaducto-es1153814.html,LOC0196,"VIADUCTO, Alcoy, Alicante",49000.0,79.0,,1.0,VIADUCTO,Venta,2025-08-24,38.698065894773,-0.46863615253142,,,,,,,,,,,,,,,,
https://www.picoblanes.com/casa-de-pueblo-en-muro-de-alcoy-con-vistas-es850918.html,https://www.picoblanes.com/casa-de-pueblo-en-muro-de-alcoy-con-vistas-es850918.html,PUE0008,"MURO, Muro de Alcoy, Alicante",250000.0,295.0,6.0,2.0,MURO,Venta,2025-08-24,38.784335300537,-0.41499071006418,,,,,,,,,,,,,,,,
https://www.picoblanes.com/piso-en-alcoy-batoy-con-garaje-es1625881.html,https://www.picoblanes.com/piso-en-alcoy-batoy-con-garaje-es1625881.html,PIS0886,"BATOY, Alcoy, Alicante",800.0,160.0,2.0,1.0,BATOY,Alquiler,2025-08-24,38.687918261376,-0.49412864606842,,,,,,,,,,,,,,,,
https://www.picoblanes.com/solar-urbano-en-alcoy-centro-es1618335.html,https://www.picoblanes.com/solar-urbano-en-alcoy-centro-es1618335.html,SOL0002,"CENTRO, Alcoy, Alicante",225000.0,325.0,,,CENTRO,Venta,2025-08-24,38.696377731745,-0.47859257920994,,,,,,,,,,,,,,,,
https://www.picoblanes.com/piso-en-alcoy-norte-con-ascensor-es1594973.html,https://www.picoblanes.com/piso-en-alcoy-norte-con-ascensor-es1594973.html,PIS0860,"NORTE, Alcoy, Alicante",185000.0,135.0,4.0,2.0,NORTE,Venta,2025-08-24,38.706277899958,-0.47397951416828,,,,,,,,,,,,,,,,
https://www.picoblanes.com/casa-chalet-en-alcoy-santa-rosa-con-piscina-es1299174.html,https://www.picoblanes.com/casa-chalet-en-alcoy-santa-rosa-con-piscina-es1299174.html,CHA0112,"SANTA ROSA, Alcoy, Alicante",400000.0,800.0,11.0,4.0,SANTA ROSA,Venta,2025-08-24,38.691515683346,-0.49073361448691,,,,,,,,,,,,,,,,
https://www.picoblanes.com/local-comercial-en-alcoy-norte-es1334704.html,https://www.picoblanes.com/local-comercial-en-alcoy-norte-es1334704.html,LOC0231,"NORTE, Alcoy, Alicante",85000.0,237.0,,2.0,NORTE,Venta,2025-08-24,38.709794203767,-0.46409493415778,,,,,,,,,,,,,,,,
https://www.picoblanes.com/casa-de-pueblo-en-benilloba-pueblos-de-la-montantildea-con-vistas-es1574322.html,https://www.picoblanes.com/casa-de-pueblo-en-benilloba-pueblos-de-la-montantildea-con-vistas-es1574322.html,PUE0027,"PUEBLOS DE LA MONTAÑA, Benilloba, Alicante",85000.0,265.0,5.0,2.0,PUEBLOS DE LA MONTAÑA,Venta,2025-08-24,38.699104115526,-0.39035837186746,,,,,,,,,,,,,,,,
https://www.picoblanes.com/local-comercial-en-alcoy-ensanche-es1177747.html,https://www.picoblanes.com/local-comercial-en-alcoy-ensanche-es1177747.html,LOC0207,"ENSANCHE, Alcoy, Alicante",85000.0,98.0,,,ENSANCHE,Venta,2025-08-24,38.701009061935,-0.47788403325784,,,,,,,,,,,,,,,,
https://www.picoblanes.com/local-comercial-en-alcoy-norte-es943124.html,https://www.picoblanes.com/local-comercial-en-alcoy-norte-es943124.html,LOC0119,"NORTE, Alcoy, Alicante",120000.0,445.0,,2.0,NORTE,Venta,2025-08-24,38.704612628293,-0.47348555909523,,,,,,,,,,,,,,,,
https://www.picoblanes.com/casa-chalet-en-alcocer-de-planes-pueblos-de-la-montantildea-con-vistas-es812843.html,https://www.picoblanes.com/casa-chalet-en-alcocer-de-planes-pueblos-de-la-montantildea-con-vistas-es812843.html,CHA0015,"PUEBLOS DE LA MONTAÑA, Alcocer de Planes, Alicante",250000.0,300.0,5.0,3.0,PUEBLOS DE LA MONTAÑA,Venta,2025-08-24,38.795394940956,-0.4029054140932,,,,,,,,,,,,,,,,
https://www.picoblanes.com/local-comercial-en-alcoy-el-cami-es1044497.html,https://www.picoblanes.com/local-comercial-en-alcoy-el-cami-es1044497.html,LOC0161,"EL CAMI, Alcoy, Alicante",1000.0,900.0,,,EL CAMI,Alquiler,2025-08-24,38.688912336666,-0.47785177147906,,,,,,,,,,,,,,,,
https://www.picoblanes.com/local-comercial-en-alcoy-norte-es1116926.html,https://www.picoblanes.com/local-comercial-en-alcoy-norte-es1116926.html,OPC0024,"NORTE, Alcoy, Alicante",99000.0,129.0,,,NORTE,Alquiler opción a compra,2025-08-24,38.707827622827,-0.47050256631758,,,,,,,,,,,,,,,,
https://www.picoblanes.com/casa-chalet-en-cocentaina-cocentaina-con-vistas-es1599613.html,https://www.picoblanes.com/casa-chalet-en-cocentaina-cocentaina-con-vistas-es1599613.html,CHA0141,"COCENTAINA, Cocentaina, Alicante",200000.0,130.0,3.0,1.0,COCENTAINA,Venta,2025-08-24,38.733562556576,-0.44109981500595,,,,,,,,,,,,,,,,
https://www.picoblanes.com/atico-en-alcoy-centro-con-ascensor-es943064.html,https://www.picoblanes.com/atico-en-alcoy-centro-con-ascensor-es943064.html,ATC0032,"CENTRO, Alcoy, Alicante",259000.0,230.0,5.0,2.0,CENTRO,Venta,2025-08-24,38.69565341739,-0.47654292082718,,,,,,,,,,,,,,,,
https://www.picoblanes.com/oficina-en-alcoy-norte-con-ascensor-es1046989.html,https://www.picoblanes.com/oficina-en-alcoy-norte-con-ascensor-es1046989.html,OFI0031,"NORTE, Alcoy, Alicante",110000.0,146.0,,,NORTE,Venta,2025-08-24,38.705349410642,-0.47356052625285,,,,,,,,,,,,,,,,
https://www.picoblanes.com/local-comercial-en-alcoy-centro-es1602280.html,https://www.picoblanes.com/local-comercial-en-alcoy-centro-es1602280.html,LOC0259,"CENTRO, Alcoy, Alicante",800.0,,,,CENTRO,Alquiler,2025-08-24,38.695942306654,-0.47640394863338,,,,,,,,,,,,,,,,
https://www.picoblanes.com/oficina-en-alcoy-centro-con-ascensor-es988188.html,https://www.picoblanes.com/oficina-en-alcoy-centro-con-ascensor-es988188.html,OFI0021,"CENTRO, Alcoy, Alicante",1100.0,178.0,,1.0,CENTRO,Alquiler,2025-08-24,38.698520094507,-0.47352873927033,,,,,,,,,,,,,,,,
https://www.picoblanes.com/local-comercial-en-alcoy-santa-rosa-es823613.html,https://www.picoblanes.com/local-comercial-en-alcoy-santa-rosa-es823613.html,LOC0030,"SANTA ROSA, Alcoy, Alicante",425000.0,210.0,,,SANTA ROSA,Venta,2025-08-24,38.697803442531,-0.48144602663768,,,,,,,,,,,,,,,,
https://www.picoblanes.com/local-comercial-en-alcoy-norte-es946416.html,https://www.picoblanes.com/local-comercial-en-alcoy-norte-es946416.html,LOC0122,"NORTE, Alcoy, Alicante",600.0,90.0,,,NORTE,Alquiler,2025-08-24,38.708095532513,-0.46656518252402,,,,,,,,,,,,,,,,
https://www.picoblanes.com/local-comercial-en-cocentaina-cocentaina-es1599667.html,https://www.picoblanes.com/local-comercial-en-cocentaina-cocentaina-es1599667.html,LOC0257,"COCENTAINA, Cocentaina, Alicante",180000.0,550.0,,,COCENTAINA,Venta,2025-08-24,38.733229648387,-0.4411211879636,,,,,,,,,,,,,,,,
https://www.picoblanes.com/casa-chalet-en-gorga-pueblos-de-la-montana-con-vistas-es872320.html,https://www.picoblanes.com/casa-chalet-en-gorga-pueblos-de-la-montana-con-vistas-es872320.html,CHA0046,"PUEBLOS DE LA MONTAÑA, Gorga, Alicante",92000.0,167.0,6.0,3.0,PUEBLOS DE LA MONTAÑA,Venta,2025-08-24,38.718995256441,-0.35609029423282,,,,,,,,,,,,,,,,
https://www.picoblanes.com/edificio-en-alcoy-centro-con-vistas-es1556354.html,https://www.picoblanes.com/edificio-en-alcoy-centro-con-vistas-es1556354.html,EDF0011,"CENTRO, Alcoy, Alicante",250000.0,600.0,4.0,2.0,CENTRO,Venta,2025-08-24,38.697025095778,-0.47181685775776,,,,,,,,,,,,,,,,
https://www.picoblanes.com/oficina-en-alcoy-santa-rosa-es1046999.html,https://www.picoblanes.com/oficina-en-alcoy-santa-rosa-es1046999.html,OFI0032,"SANTA ROSA, Alcoy, Alicante",18000.0,24.0,,,SANTA ROSA,Venta,2025-08-24,38.69357502885,-0.48437505434451,,,,,,,,,,,,,,,,
https://www.picoblanes.com/oficina-en-alcoy-ensanche-con-ascensor-es822958.html,https://www.picoblanes.com/oficina-en-alcoy-ensanche-con-ascensor-es822958.html,OFI0009,"ENSANCHE, Alcoy, Alicante",110000.0,160.0,,1.0,ENSANCHE,Venta,2025-08-24,38.702175645662,-0.47759449730225,,,,,,,,,,,,,,,,
https://www.picoblanes.com/parcela-en-muro-de-alcoy-muro-es1193105.html,https://www.picoblanes.com/parcela-en-muro-de-alcoy-muro-es1193105.html,PAR0016,"MURO, Muro de Alcoy, Alicante",596790.0,3141.0,,,MURO,Venta,2025-08-24,38.778099850199,-0.44651794647961,,,,,,,,,,,,,,,,
https://www.picoblanes.com/piso-en-alcoy-el-cami-con-ascensor-es1623096.html,https://www.picoblanes.com/piso-en-alcoy-el-cami-con-ascensor-es1623096.html,PIS0883,"EL CAMI, Alcoy, Alicante",800.0,120.0,3.0,1.0,EL CAMI,Alquiler,2025-08-24,38.690733747192,-0.47552412467124,,,,,,,,,,,,,,,,
https://www.picoblanes.com/local-comercial-en-alcoy-norte-es833206.html,https://www.picoblanes.com/local-comercial-en-alcoy-norte-es833206.html,LOC0045,"NORTE, Alcoy, Alicante",150000.0,230.0,,1.0,NORTE,Venta,2025-08-24,38.710506151267,-0.46647958953222,,,,,,,,,,,,,,,,
https://www.picoblanes.com/local-comercial-en-alcoy-ensanche-es823606.html,https://www.picoblanes.com/local-comercial-en-alcoy-ensanche-es823606.html,LOC0029,"ENSANCHE, Alcoy, Alicante",75000.0,103.0,,,ENSANCHE,Venta,2025-08-24,38.702384966735,-0.47898913110326,,,,,,,,,,,,,,,,
https://www.picoblanes.com/casa-chalet-en-muro-de-alcoy-muro-con-ascensor-es1547577.html,https://www.picoblanes.com/casa-chalet-en-muro-de-alcoy-muro-con-ascensor-es1547577.html,CHA0130,"MURO, Muro de Alcoy, Alicante",420000.0,393.0,4.0,2.0,MURO,Venta,2025-08-24,38.779794446425,-0.43816440999661,,,,,,,,,,,,,,,,
https://www.picoblanes.com/nave-en-alcoy-cotes-baixes-es817857.html,https://www.picoblanes.com/nave-en-alcoy-cotes-baixes-es817857.html,NAV0010,"COTES BAIXES, Alcoy, Alicante",120000.0,343.0,,1.0,COTES BAIXES,Venta,2025-08-24,38.713976538195,-0.45621150334119,,,,,,,,,,,,,,,,
https://www.picoblanes.com/casa-de-pueblo-en-quatretondeta-con-vistas-es1136084.html,https://www.picoblanes.com/casa-de-pueblo-en-quatretondeta-con-vistas-es1136084.html,PUE0015,"Quatretondeta, Alicante",80000.0,580.0,7.0,1.0,,Venta,2025-08-24,38.723537233048,-0.31578213242765,,,,,,,,,,,,,,,,
https://www.picoblanes.com/casa-chalet-en-cocentaina-cocentaina-con-piscina-es1557951.html,https://www.picoblanes.com/casa-chalet-en-cocentaina-cocentaina-con-piscina-es1557951.html,CHA0133,"COCENTAINA, Cocentaina, Alicante",280000.0,172.0,5.0,3.0,COCENTAINA,Venta,2025-08-24,38.747258456213,-0.43990473945112,,,,,,,,,,,,,,,,
https://www.picoblanes.com/local-comercial-en-alcoy-batoy-es1177339.html,https://www.picoblanes.com/local-comercial-en-alcoy-batoy-es1177339.html,LOC0205,"BATOY, Alcoy, Alicante",42000.0,120.0,,,BATOY,Venta,2025-08-24,38.689035989925,-0.49318336140201,,,,,,,,,,,,,,,,
https://www.picoblanes.com/local-comercial-en-alcoy-norte-con-vistas-es1171152.html,https://www.picoblanes.com/local-comercial-en-alcoy-norte-con-vistas-es1171152.html,LOC0201,"NORTE, Alcoy, Alicante",800.0,100.0,,1.0,NORTE,Alquiler,2025-08-24,38.711281984847,-0.46740192477315,,,,,,,,,,,,,,,,
https://www.picoblanes.com/local-comercial-en-alcoy-norte-es1135732.html,https://www.picoblanes.com/local-comercial-en-alcoy-norte-es1135732.html,LOC0191,"NORTE, Alcoy, Alicante",55000.0,255.0,,,NORTE,Venta,2025-08-24,38.707154573802,-0.4716720886803,,,,,,,,,,,,,,,,
https://www.picoblanes.com/casa-chalet-en-muro-de-alcoy-muro-con-piscina-es1054477.html,https://www.picoblanes.com/casa-chalet-en-muro-de-alcoy-muro-con-piscina-es1054477.html,CHA0085,"MURO, Muro de Alcoy, Alicante",300000.0,310.0,7.0,2.0,MURO,Venta,2025-08-24,38.780829323474,-0.45652219964997,,,,,,,,,,,,,,,,
https://www.picoblanes.com/piso-en-alcoy-ensanche-con-ascensor-es1001000.html,https://www.picoblanes.com/piso-en-alcoy-ensanche-con-ascensor-es1001000.html,PIS0466,"ENSANCHE, Alcoy, Alicante",295000.0,200.0,5.0,2.0,ENSANCHE,Venta,2025-08-24,38.699270729223,-0.4802981045651,,,,,,,,,,,,,,,,
https://www.picoblanes.com/piso-en-alcoy-ensanche-con-ascensor-es818796.html,https://www.picoblanes.com/piso-en-alcoy-ensanche-con-ascensor-es818796.html,PIS0129,"ENSANCHE, Alcoy, Alicante",160000.0,178.0,4.0,2.0,ENSANCHE,Venta,2025-08-24,38.702642823289,-0.47671459012735,,,,,,,,,,,,,,,,
https://www.picoblanes.com/nave-en-muro-de-alcoy-muro-es937098.html,https://www.picoblanes.com/nave-en-muro-de-alcoy-muro-es937098.html,NAV0032,"MURO, Muro de Alcoy, Alicante",295000.0,400.0,,,MURO,Venta,2025-08-24,38.778554377608,-0.44537591354047,,,,,,,,,,,,,,,,
https://www.picoblanes.com/local-comercial-en-alcoy-centro-con-garaje-es841622.html,https://www.picoblanes.com/local-comercial-en-alcoy-centro-con-garaje-es841622.html,LOC0054,"CENTRO, Alcoy, Alicante",45000.0,60.0,,1.0,CENTRO,Venta,2025-08-24,,,,,,,,,,,,,,,,,,
https://www.picoblanes.com/local-comercial-en-alcoy-norte-es1618170.html,https://www.picoblanes.com/local-comercial-en-alcoy-norte-es1618170.html,LOC0262,"NORTE, Alcoy, Alicante",150000.0,205.0,,,NORTE,Venta,2025-08-24,38.708168919708,-0.46556732946146,,,,,,,,,,,,,,,,
https://www.picoblanes.com/atico-en-alcoy-ensanche-con-vistas-es823878.html,https://www.picoblanes.com/atico-en-alcoy-ensanche-con-vistas-es823878.html,ATC0016,"ENSANCHE, Alcoy, Alicante",430000.0,320.0,3.0,3.0,ENSANCHE,Venta,2025-09-06,38.706311847314,-0.47902273467984,,,,,,,,,,,,,,,,
https://www.picoblanes.com/piso-en-alcoy-ensanche-con-vistas-es1638268.html,https://www.picoblanes.com/piso-en-alcoy-ensanche-con-vistas-es1638268.html,PIS0889,"ENSANCHE, Alcoy, Alicante",85000.0,80.0,3.0,1.0,ENSANCHE,Venta,2025-09-06,38.700276290574,-0.48396736593145,,,,,,,,,,,,,,,,
https://www.picoblanes.com/piso-en-alcoy-santa-rosa-con-ascensor-es1029843.html,https://www.picoblanes.com/piso-en-alcoy-santa-rosa-con-ascensor-es1029843.html,PIS0507,"SANTA ROSA, Alcoy, Alicante",700.0,110.0,3.0,2.0,SANTA ROSA,Alquiler,2025-09-06,38.695795768767,-0.48446083353203,,,,,,,,,,,,,,,,
https://www.picoblanes.com/piso-en-alcoy-ensanche-con-vistas-es1143502.html,https://www.picoblanes.com/piso-en-alcoy-ensanche-con-vistas-es1143502.html,PIS0664,"ENSANCHE, Alcoy, Alicante",430000.0,320.0,3.0,3.0,ENSANCHE,Venta,2025-09-06,38.706427490593,-0.47937543654881,,,,,,,,,,,,,,,,
https://www.picoblanes.com/piso-en-alcoy-centro-con-ascensor-es1633391.html,https://www.picoblanes.com/piso-en-alcoy-centro-con-ascensor-es1633391.html,PIS0888,"CENTRO, Alcoy, Alicante",1000.0,140.0,4.0,2.0,CENTRO,Alquiler,2025-09-06,38.695878065528,-0.47766976935982,,,,,,,,,,,,,,,,
https://www.picoblanes.com/piso-en-alcoy-santa-rosa-es1621319.html,https://www.picoblanes.com/piso-en-alcoy-santa-rosa-es1621319.html,PIS0878,"SANTA ROSA, Alcoy, Alicante",580.0,70.0,3.0,1.0,SANTA ROSA,Alquiler,2025-09-06,38.697887699487,-0.48283046574064,,,,,,,,,,,,,,,,
https://www.picoblanes.com/piso-en-alcoy-norte-con-vistas-es1557852.html,https://www.picoblanes.com/piso-en-alcoy-norte-con-vistas-es1557852.html,PIS0838,"NORTE, Alcoy, Alicante",70000.0,86.0,3.0,1.0,NORTE,Venta,2025-09-06,38.714154875097,-0.4660942670767,,,,,,,,,,,,,,,,
https://www.picoblanes.com/casa-adosada-en-alcoy-batoy-con-garaje-es1633226.html,https://www.picoblanes.com/casa-adosada-en-alcoy-batoy-con-garaje-es1633226.html,ADO0051,"BATOY, Alcoy, Alicante",800.0,160.0,2.0,1.0,BATOY,Alquiler,2025-09-06,38.687918261376,-0.49412864606842,,,,,,,,,,,,,,,,
https://www.picoblanes.com/piso-en-alcoy-santa-rosa-es1621317.html,https://www.picoblanes.com/piso-en-alcoy-santa-rosa-es1621317.html,PIS0876,"SANTA ROSA, Alcoy, Alicante",620.0,70.0,2.0,1.0,SANTA ROSA,Alquiler,2025-09-06,38.697887699487,-0.48283046574064,,,,,,,,,,,,,,,,
https://www.picoblanes.com/piso-en-alcoy-centro-con-ascensor-es1641013.html,https://www.picoblanes.com/piso-en-alcoy-centro-con-ascensor-es1641013.html,PIS0890,"CENTRO, Alcoy, Alicante",145000.0,130.0,4.0,1.0,CENTRO,Venta,2025-09-10,38.69547338436,-0.47636076225267,,,,,,,,,,,,,,,,
https://www.picoblanes.com/local-comercial-en-alcoy-ensanche-es1000793.html,https://www.picoblanes.com/local-comercial-en-alcoy-ensanche-es1000793.html,LOC0153,"ENSANCHE, Alcoy, Alicante",150000.0,150.0,,,ENSANCHE,Venta,2025-09-10,38.704024845311,-0.47607075300028,,,,,,,,,,,,,,,,
https://www.picoblanes.com/casa-chalet-en-planes-pueblos-de-la-montantildea-con-piscina-es1562452.html,https://www.picoblanes.com/casa-chalet-en-planes-pueblos-de-la-montantildea-con-piscina-es1562452.html,CHA0135,"PUEBLOS DE LA MONTAÑA, Planes, Alicante",200000.0,132.0,3.0,1.0,PUEBLOS DE LA MONTAÑA,Venta,2025-09-10,38.785736754557,-0.34281643938354,,,,,,,,,,,,,,,,
https://www.picoblanes.com/garaje-parking-en-alcoy-ensanche-con-garaje-es1642598.html,https://www.picoblanes.com/garaje-parking-en-alcoy-ensanche-con-garaje-es1642598.html,GAR0040,"ENSANCHE, Alcoy, Alicante",12000.0,,,,ENSANCHE,Venta,2025-09-12,38.701376556832,-0.48160695888025,,,,,,,,,,,,,,,,
https://www.picoblanes.com/piso-en-alcoy-el-cami-con-piscina-es1625875.html,https://www.picoblanes.com/piso-en-alcoy-el-cami-con-piscina-es1625875.html,PIS0885,"EL CAMI, Alcoy, Alicante",170000.0,105.0,3.0,2.0,EL CAMI,Venta,2025-09-12,38.690696848387,-0.47429035307833,,,,,,,,,,,,,,,,
