id_inmueble,titulo,localizacion,precio,metros_cuadrados,habitaciones,baños,anunciante,anunciante_link,link_inmueble,m2_construidos,m2_utiles,terraza,estado,planta,exterior,ascensor,fecha_inclusion
101456819,Casa o chalet independiente en venta en Centro - Zona Alta,Alcoy / Alcoi,630000.0,483.0,6.0,5.0,Avangard Mediterranean Properties,https://www.idealista.com/pro/avangard-mediterranean-properties/,https://www.idealista.com/inmueble/101456819/,,,,,,,,2025-08-23
106110913,Casa o chalet independiente en venta en Barri Santa Rosa,Alcoy / Alcoi,1200.0,780.0,11.0,4.0,TEAM CONCORDE,https://www.idealista.com/pro/team-concorde/,https://www.idealista.com/inmueble/106110913/,,,,,,,,2025-08-23
108460518,Piso en venta en Alameda Camilo Sesto,Barri Eixample,138000.0,114.0,4.0,2.0,Núcleo Gestiones Inmobiliarias Alcoy,https://www.idealista.com/pro/nucleoalcoy/,https://www.idealista.com/inmueble/108460518/,,,,,,,,2025-08-23
108703897,Casa o chalet independiente en venta en Calle b,Barri Zona Nord,255000.0,140.0,4.0,2.0,VITALITY VIVIENDAS,https://www.idealista.com/pro/vitality-viviendas/,https://www.idealista.com/inmueble/108703897/,,,,,,,,2025-08-23
108987418,Piso en venta en Calle Na Saurina d'Entença,Barri Eixample,85000.0,82.0,3.0,2.0,Núcleo Gestiones Inmobiliarias Alcoy,https://www.idealista.com/pro/nucleoalcoy/,https://www.idealista.com/inmueble/108987418/,,,,,,,,2025-08-23
108664854,Piso en venta en Plaza Miguel Hernández,Barri Santa Rosa,90000.0,104.0,3.0,2.0,Clikalia España,https://www.idealista.com/pro/clikalia/,https://www.idealista.com/inmueble/108664854/,,,,,,,,2025-08-23
108405093,Piso en venta en Plaza del Centenari,Barri Santa Rosa,99900.0,86.0,2.0,1.0,Núcleo Gestiones Inmobiliarias Alcoy,https://www.idealista.com/pro/nucleoalcoy/,https://www.idealista.com/inmueble/108405093/,,,,,,,,2025-08-23
108169412,Ático en venta en Alameda Camilo Sesto,Barri Eixample,165000.0,94.0,4.0,1.0,Núcleo Gestiones Inmobiliarias Alcoy,https://www.idealista.com/pro/nucleoalcoy/,https://www.idealista.com/inmueble/108169412/,,,,,,,,2025-08-23
108498530,Piso en venta en Calle Sant Isidre,Barri Eixample,95000.0,125.0,4.0,2.0,Núcleo Gestiones Inmobiliarias Alcoy,https://www.idealista.com/pro/nucleoalcoy/,https://www.idealista.com/inmueble/108498530/,,,,,,,,2025-08-23
108697505,Piso en venta en Calle Casa Blanca,Centro - Zona Alta,35000.0,110.0,3.0,1.0,Clikalia España,https://www.idealista.com/pro/clikalia/,https://www.idealista.com/inmueble/108697505/,,,,,,,,2025-08-23
107742464,Masía en venta en Sargento D,Barri Batoi - Sargento - Baradello,575000.0,1329.0,12.0,5.0,Fincas Valencia Consultores Inmobiliarios,https://www.idealista.com/pro/fincas-valencia-consultores/,https://www.idealista.com/inmueble/107742464/,,,,,,,,2025-08-23
106274250,Casa o chalet independiente en venta en Calle Periòdic Ciudad,Barri Eixample,2590.0,450.0,7.0,4.0,Costa Weflen Group,https://www.idealista.com/pro/cweflengroup/,https://www.idealista.com/inmueble/106274250/,,,,,,,,2025-08-23
109027420,Piso en venta en Calle Gabriel Miró,Barri Zona Nord,99900.0,140.0,4.0,2.0,Gestores inmobiliarios,https://www.idealista.com/pro/adanpadaughters/,https://www.idealista.com/inmueble/109027420/,,,,,,,,2025-08-23
107040845,Piso en venta en Calle els Maulets,Centro - Zona Alta,48000.0,79.0,2.0,1.0,Gestores inmobiliarios,https://www.idealista.com/pro/adanpadaughters/,https://www.idealista.com/inmueble/107040845/,,,,,,,,2025-08-23
104745204,Ático en venta en Calle Echegaray,Centro - Zona Alta,185000.0,144.0,3.0,2.0,Gestores inmobiliarios,https://www.idealista.com/pro/adanpadaughters/,https://www.idealista.com/inmueble/104745204/,,,,,,,,2025-08-23
108904276,Piso en venta en Barri Zona Nord,Alcoy / Alcoi,180000.0,120.0,3.0,2.0,Gestores inmobiliarios,https://www.idealista.com/pro/adanpadaughters/,https://www.idealista.com/inmueble/108904276/,,,,,,,,2025-08-23
107527031,Piso en venta en Barri Santa Rosa,Alcoy / Alcoi,124900.0,100.0,3.0,2.0,Percent Servicios Inmobiliarios,https://www.idealista.com/pro/percentserviciosinmobiliarios/,https://www.idealista.com/inmueble/107527031/,,,,,,,,2025-08-23
105459636,"Piso en venta en Avenida País Valencià, 32",Centro - Zona Alta,249400.0,253.0,5.0,2.0,TEAM CONCORDE,https://www.idealista.com/pro/team-concorde/,https://www.idealista.com/inmueble/105459636/,,,,,,,,2025-08-23
105459599,"Piso en venta en Plaza Pintor Gisbert, 2",Centro - Zona Alta,238000.0,201.0,3.0,3.0,TEAM CONCORDE,https://www.idealista.com/pro/team-concorde/,https://www.idealista.com/inmueble/105459599/,,,,,,,,2025-08-23
108775883,Piso en venta en Calle Sant Francesc s/n,Centro - Zona Alta,65000.0,71.0,2.0,1.0,Alfa & Omega,https://www.idealista.com/pro/alfa-omega-carolinas-altas/,https://www.idealista.com/inmueble/108775883/,,,,,,,,2025-08-23
103476256,Piso en venta en Calle Santa Rosa,Barri Santa Rosa,110000.0,130.0,4.0,2.0,Gestores inmobiliarios,https://www.idealista.com/pro/adanpadaughters/,https://www.idealista.com/inmueble/103476256/,,,,,,,,2025-08-23
107427880,Casa o chalet independiente en venta en Camino Caseta Madrid,Barri Santa Rosa,1200.0,400.0,3.0,2.0,Gestores inmobiliarios,https://www.idealista.com/pro/adanpadaughters/,https://www.idealista.com/inmueble/107427880/,,,,,,,,2025-08-23
107166315,Casa o chalet en venta en Calle Perú,Barri Eixample,150000.0,400.0,3.0,2.0,Gestores inmobiliarios,https://www.idealista.com/pro/adanpadaughters/,https://www.idealista.com/inmueble/107166315/,,,,,,,,2025-08-23
100950082,Ático en venta en Avenida Alameda Camilo Sesto,Barri Eixample,455000.0,138.0,3.0,2.0,Gestores inmobiliarios,https://www.idealista.com/pro/adanpadaughters/,https://www.idealista.com/inmueble/100950082/,,,,,,,,2025-08-23
108960623,Casa o chalet independiente en venta en Barri Batoi - Sargento - Baradello,Alcoy / Alcoi,320000.0,364.0,3.0,2.0,Kapitalia Inmobiliaria,https://www.idealista.com/pro/kapitalia-inmobiliaria/,https://www.idealista.com/inmueble/108960623/,,,,,,,,2025-08-23
107597487,Casa o chalet independiente en venta en Barri Batoi - Sargento - Baradello,Alcoy / Alcoi,380000.0,258.0,4.0,3.0,Kapitalia Inmobiliaria,https://www.idealista.com/pro/kapitalia-inmobiliaria/,https://www.idealista.com/inmueble/107597487/,,,,,,,,2025-08-23
108574911,Piso en venta en Barri Zona Nord,Alcoy / Alcoi,124000.0,90.0,3.0,2.0,Gestores inmobiliarios,https://www.idealista.com/pro/adanpadaughters/,https://www.idealista.com/inmueble/108574911/,,,,,,,,2025-08-23
108696784,Casa o chalet independiente en venta en Centro - Zona Alta,Alcoy / Alcoi,119000.0,90.0,2.0,1.0,Gestores inmobiliarios,https://www.idealista.com/pro/adanpadaughters/,https://www.idealista.com/inmueble/108696784/,,,,,,,,2025-08-23
107797145,Piso en venta en Barri Santa Rosa,Alcoy / Alcoi,110000.0,95.0,4.0,1.0,Gestores inmobiliarios,https://www.idealista.com/pro/adanpadaughters/,https://www.idealista.com/inmueble/107797145/,,,,,,,,2025-08-23
107539533,Piso en venta en Centro - Zona Alta,Alcoy / Alcoi,165000.0,140.0,3.0,2.0,Gestores inmobiliarios,https://www.idealista.com/pro/adanpadaughters/,https://www.idealista.com/inmueble/107539533/,,,,,,,,2025-08-23
108060272,Casa o chalet independiente en venta en Centro - Zona Alta,Alcoy / Alcoi,567000.0,430.0,7.0,5.0,Atelier Inmo Homes,https://www.idealista.com/pro/atelierinmohomes/,https://www.idealista.com/inmueble/108060272/,,,,,,,,2025-08-23
107510314,Masía en venta en Calle Mariola,Barri Batoi - Sargento - Baradello,550000.0,1383.0,10.0,3.0,OLCINA INMOBILIARIA,https://www.idealista.com/pro/olcinainmobiliaria/,https://www.idealista.com/inmueble/107510314/,,,,,,,,2025-08-23
107884884,Piso en venta en Calle Font de Serelles,Barri Zona Nord,124000.0,100.0,3.0,2.0,Inmobiliaria carbonell,https://www.idealista.com/pro/inmobiliaria-carbonell-30408/,https://www.idealista.com/inmueble/107884884/,,,,,,,,2025-08-23
106025314,Piso en venta en Calle Sant Josep,Centro - Zona Alta,75000.0,70.0,2.0,1.0,Gestores inmobiliarios,https://www.idealista.com/pro/adanpadaughters/,https://www.idealista.com/inmueble/106025314/,,,,,,,,2025-08-23
108409004,Casa o chalet independiente en venta en Calle Teix,Barri Batoi - Sargento - Baradello,235000.0,170.0,4.0,2.0,OLCINA INMOBILIARIA,https://www.idealista.com/pro/olcinainmobiliaria/,https://www.idealista.com/inmueble/108409004/,,,,,,,,2025-08-23
105933194,Ático en venta en Calle Rigobert Albors,Centro - Zona Alta,259000.0,230.0,5.0,2.0,Gestores inmobiliarios,https://www.idealista.com/pro/adanpadaughters/,https://www.idealista.com/inmueble/105933194/,,,,,,,,2025-08-23
108387255,Piso en venta en Calle Poeta Joan Valls,Barri Eixample,220000.0,290.0,7.0,3.0,TEAM CONCORDE,https://www.idealista.com/pro/team-concorde/,https://www.idealista.com/inmueble/108387255/,,,,,,,,2025-08-23
107694949,Piso en venta en Calle Escultor Peresejo,Barri Eixample,117500.0,120.0,4.0,2.0,Gestores inmobiliarios,https://www.idealista.com/pro/adanpadaughters/,https://www.idealista.com/inmueble/107694949/,,,,,,,,2025-08-23
106795925,Piso en venta en Calle Doña Amàlia,Centro - Zona Alta,149990.0,95.0,3.0,2.0,Gestores inmobiliarios,https://www.idealista.com/pro/adanpadaughters/,https://www.idealista.com/inmueble/106795925/,,,,,,,,2025-08-23
101279040,Piso en venta en Calle Escultor Peresejo,Barri Eixample,100000.0,109.0,3.0,2.0,Gestores inmobiliarios,https://www.idealista.com/pro/adanpadaughters/,https://www.idealista.com/inmueble/101279040/,,,,,,,,2025-08-23
108022047,Casa o chalet independiente en venta en Barri Eixample,Alcoy / Alcoi,723759.0,837.0,10.0,5.0,TEAM CONCORDE,https://www.idealista.com/pro/team-concorde/,https://www.idealista.com/inmueble/108022047/,,,,,,,,2025-08-23
108364311,Piso en venta en Barri Eixample,Alcoy / Alcoi,195000.0,202.0,6.0,2.0,OLCINA INMOBILIARIA,https://www.idealista.com/pro/olcinainmobiliaria/,https://www.idealista.com/inmueble/108364311/,,,,,,,,2025-08-23
108393054,Piso en venta en Centro - Zona Alta,Alcoy / Alcoi,73000.0,60.0,2.0,1.0,Gestores inmobiliarios,https://www.idealista.com/pro/adanpadaughters/,https://www.idealista.com/inmueble/108393054/,,,,,,,,2025-08-23
107702956,Casa o chalet independiente en venta en Barri Batoi - Sargento - Baradello,Alcoy / Alcoi,380000.0,258.0,6.0,3.0,Avangard Mediterranean Properties,https://www.idealista.com/pro/avangard-mediterranean-properties/,https://www.idealista.com/inmueble/107702956/,,,,,,,,2025-08-23
107632759,Piso en venta en Calle el Camí,Centro - Zona Alta,165000.0,141.0,3.0,2.0,HogarAbitat,https://www.idealista.com/pro/hogarabitat/,https://www.idealista.com/inmueble/107632759/,,,,,,,,2025-08-23
108086235,"Casa o chalet independiente en venta en Via Sense Nom, 52",Centro - Zona Alta,590000.0,241.0,5.0,2.0,Mar & Golf Unique Homes,https://www.idealista.com/pro/mar-golf/,https://www.idealista.com/inmueble/108086235/,,,,,,,,2025-08-23
104597928,Casa o chalet independiente en venta en Alcoy,Centro - Zona Alta,1590.0,1500.0,11.0,11.0,Found Valencia Real Estate,https://www.idealista.com/pro/foundvalencia/,https://www.idealista.com/inmueble/104597928/,,,,,,,,2025-08-23
108722427,Piso en venta en Calle Sant Miquel,Centro - Zona Alta,65400.0,60.0,2.0,1.0,newproinmo,https://www.idealista.com/pro/newproinmo/,https://www.idealista.com/inmueble/108722427/,,,,,,,,2025-08-23
106551637,"Casa o chalet independiente en venta en Urbanització l'Estepar, 66",Centro - Zona Alta,567000.0,430.0,7.0,5.0,Remax Blue,https://www.idealista.com/pro/remax-blue/,https://www.idealista.com/inmueble/106551637/,,,,,,,,2025-08-23
103711112,"Casa o chalet independiente en venta en Carretera de Cádiz, 16",Centro - Zona Alta,1450.0,1426.0,8.0,5.0,Mar de Casas,https://www.idealista.com/pro/mardecasas/,https://www.idealista.com/inmueble/103711112/,,,,,,,,2025-08-23
100933633,Masía en venta en Jardines de Brutinel s/n,Barri Batoi - Sargento - Baradello,3500.0,10140.0,20.0,10.0,inmobiliaria aracil,https://www.idealista.com/pro/inmobiliaria-aracil/,https://www.idealista.com/inmueble/100933633/,,,,,,,,2025-08-23
108745744,"Chalet adosado en venta en CL Cavall Bernat, 1",Barri Zona Nord,230000.0,140.0,3.0,2.0,inmobanyeres,https://www.idealista.com/pro/inmobanyeres/,https://www.idealista.com/inmueble/108745744/,,,,,,,,2025-08-23
107893855,Casa o chalet independiente en venta en Urbanización El Sargento s/n,Barri Batoi - Sargento - Baradello,229000.0,354.0,5.0,1.0,GESTOR DE PROPIEDADES ANDREAS,https://www.idealista.com/pro/gestor-de-propiedades-andreas/,https://www.idealista.com/inmueble/107893855/,,,,,,,,2025-08-23
108919420,Piso en venta en Calle Juan Gil Albert,Barri Zona Nord,155000.0,159.0,4.0,2.0,OLCINA INMOBILIARIA,https://www.idealista.com/pro/olcinainmobiliaria/,https://www.idealista.com/inmueble/108919420/,,,,,,,,2025-08-23
108770606,Finca rústica en venta en Centro - Zona Alta,Alcoy / Alcoi,490000.0,469.0,5.0,3.0,Clementina Alarcon,https://www.idealista.com/pro/262405711631180447-260428184/,https://www.idealista.com/inmueble/108770606/,,,,,,,,2025-08-23
107894091,Piso en venta en Santa Rosa s/n,Barri Santa Rosa,150000.0,100.0,3.0,2.0,GESTOR DE PROPIEDADES ANDREAS,https://www.idealista.com/pro/gestor-de-propiedades-andreas/,https://www.idealista.com/inmueble/107894091/,,,,,,,,2025-08-23
108595373,Piso en venta en Plaza Ramón y Cajal,Centro - Zona Alta,75500.0,56.0,3.0,1.0,Soñar Home Consulting,https://www.idealista.com/pro/sonarhomeconsulting/,https://www.idealista.com/inmueble/108595373/,,,,,,,,2025-08-23
108696796,Piso en venta en Calle Cronista Jordán,Barri Santa Rosa,125000.0,108.0,4.0,2.0,FLIP & GO,https://www.idealista.com/pro/flipgo/,https://www.idealista.com/inmueble/108696796/,,,,,,,,2025-08-23
108902456,Piso en venta en Calle Músic Gonçal Blanes,Centro - Zona Alta,116000.0,112.0,4.0,2.0,Inmobiliaria carbonell,https://www.idealista.com/pro/inmobiliaria-carbonell-30408/,https://www.idealista.com/inmueble/108902456/,,,,,,,,2025-08-23
108912527,Piso en venta en Calle Sant Jordi,Centro - Zona Alta,185000.0,130.0,3.0,2.0,Inmobiliaria carbonell,https://www.idealista.com/pro/inmobiliaria-carbonell-30408/,https://www.idealista.com/inmueble/108912527/,,,,,,,,2025-08-23
107860625,Casa o chalet independiente en venta en L'Estepar,Centro - Zona Alta,690000.0,4303.0,13.0,4.0,Mocadi Real Estate Calpe,https://www.idealista.com/pro/mocadi-real-estate-calpe/,https://www.idealista.com/inmueble/107860625/,,,,,,,,2025-08-23
106850155,"Casa o chalet independiente en venta en Partida Mariola, 92",Barri Batoi - Sargento - Baradello,249000.0,354.0,5.0,1.0,Altages Inmobiliaria,https://www.idealista.com/pro/altages-inmobiliaria/,https://www.idealista.com/inmueble/106850155/,,,,,,,,2025-08-23
89822636,Masía en venta en Partida Mariola s/n,Barri Zona Nord,550000.0,1339.0,10.0,3.0,inmobiliaria aracil,https://www.idealista.com/pro/inmobiliaria-aracil/,https://www.idealista.com/inmueble/89822636/,,,,,,,,2025-08-23
88650204,Piso en venta en Alzamora s/n,Barri Santa Rosa,400000.0,351.0,5.0,3.0,inmobiliaria aracil,https://www.idealista.com/pro/inmobiliaria-aracil/,https://www.idealista.com/inmueble/88650204/,,,,,,,,2025-08-23
107405143,Piso en venta en Calle Sant Nicolau,Centro - Zona Alta,199900.0,99.0,3.0,2.0,Inversiones Car&Mar,https://www.idealista.com/pro/inversiones-car-mar/,https://www.idealista.com/inmueble/107405143/,,,,,,,,2025-08-23
108809209,"Casa o chalet independiente en venta en Calle Forn del Vidre, 10",Centro - Zona Alta,170000.0,322.0,1.0,1.0,Century 21 Plaza,https://www.idealista.com/pro/century-21-plaza/,https://www.idealista.com/inmueble/108809209/,,,,,,,,2025-08-23
104420416,Dúplex en venta en Calle Pintor Casanova,Centro - Zona Alta,80000.0,98.0,1.0,1.0,NEXT HOME INMOBILIARIA,https://www.idealista.com/pro/inmonexthome/,https://www.idealista.com/inmueble/104420416/,,,,,,,,2025-08-23
91211804,Casa rural en venta en Fuente Roja s/n,Barri Batoi - Sargento - Baradello,1500.0,1097.0,8.0,5.0,inmobiliaria aracil,https://www.idealista.com/pro/inmobiliaria-aracil/,https://www.idealista.com/inmueble/91211804/,,,,,,,,2025-08-23
107579238,Piso en venta en Calle Santa Rosa,Barri Santa Rosa,175000.0,145.0,4.0,2.0,OLCINA INMOBILIARIA,https://www.idealista.com/pro/olcinainmobiliaria/,https://www.idealista.com/inmueble/107579238/,,,,,,,,2025-08-23
109007961,Piso en venta en Calle Pintor Casanova,Centro - Zona Alta,110000.0,90.0,1.0,1.0,Te Compro La Casa,https://www.idealista.com/pro/te-compro-la-casa/,https://www.idealista.com/inmueble/109007961/,,,,,,,,2025-08-23
108433514,Piso en venta en Camino Caseta Albors,Centro - Zona Alta,165000.0,126.0,3.0,2.0,OLCINA INMOBILIARIA,https://www.idealista.com/pro/olcinainmobiliaria/,https://www.idealista.com/inmueble/108433514/,,,,,,,,2025-08-23
92887373,Masía en venta en Santa Rosa s/n,Barri Batoi - Sargento - Baradello,400000.0,450.0,10.0,3.0,inmobiliaria aracil,https://www.idealista.com/pro/inmobiliaria-aracil/,https://www.idealista.com/inmueble/92887373/,,,,,,,,2025-08-23
96281910,"Masía en venta en Partida Polop Alt, 26",Barri Batoi - Sargento - Baradello,1000.0,2248.0,11.0,4.0,inmobiliaria aracil,https://www.idealista.com/pro/inmobiliaria-aracil/,https://www.idealista.com/inmueble/96281910/,,,,,,,,2025-08-23
86939336,Chalet pareado en venta en Llometes s/n,Barri Eixample,355000.0,850.0,5.0,2.0,inmobiliaria aracil,https://www.idealista.com/pro/inmobiliaria-aracil/,https://www.idealista.com/inmueble/86939336/,,,,,,,,2025-08-23
96761312,"Casa o chalet independiente en venta en Llidoner, 2",Barri Batoi - Sargento - Baradello,380000.0,258.0,4.0,3.0,inmobiliaria aracil,https://www.idealista.com/pro/inmobiliaria-aracil/,https://www.idealista.com/inmueble/96761312/,,,,,,,,2025-08-23
106506148,"Finca rústica en venta en Carretera Partida de Los Pagos, 44",Barri Eixample,224000.0,270.0,6.0,3.0,Kevin Soriano,https://www.idealista.com/pro/kevin-soriano/,https://www.idealista.com/inmueble/106506148/,,,,,,,,2025-08-23
106789653,Casa o chalet independiente en venta en Calle Sant Joan de Ribera,Centro - Zona Alta,700000.0,256.0,4.0,3.0,OLCINA INMOBILIARIA,https://www.idealista.com/pro/olcinainmobiliaria/,https://www.idealista.com/inmueble/106789653/,,,,,,,,2025-08-23
108167077,Piso en venta en Calle Santa Rosa,Barri Santa Rosa,115000.0,107.0,4.0,2.0,Wolo,https://www.idealista.com/pro/wolo/,https://www.idealista.com/inmueble/108167077/,,,,,,,,2025-08-23
108955434,"Piso en venta en Calle Sotarroni, 2",Barri Batoi - Sargento - Baradello,93000.0,110.0,3.0,2.0,INMOBROKERS.ES,https://www.idealista.com/pro/inmobrokerses/,https://www.idealista.com/inmueble/108955434/,,,,,,,,2025-08-23
108999975,Piso en venta en Calle Sant Nicolau,Centro - Zona Alta,55000.0,70.0,2.0,2.0,RE/MAX TRUE Valencia,https://www.idealista.com/pro/remaxtrue/,https://www.idealista.com/inmueble/108999975/,,,,,,,,2025-08-23
109000098,Piso en venta en Calle Sant Nicolau,Centro - Zona Alta,45000.0,47.0,1.0,1.0,RE/MAX TRUE Valencia,https://www.idealista.com/pro/remaxtrue/,https://www.idealista.com/inmueble/109000098/,,,,,,,,2025-08-23
108510805,Ático en venta en Calle Santa Rosa,Barri Santa Rosa,159000.0,129.0,3.0,1.0,Altages Inmobiliaria,https://www.idealista.com/pro/altages-inmobiliaria/,https://www.idealista.com/inmueble/108510805/,,,,,,,,2025-08-23
108046261,Casa o chalet independiente en venta en Partida Polop Baix,Barri Batoi - Sargento - Baradello,4300.0,240.0,22.0,12.0,inmobiliaria aracil,https://www.idealista.com/pro/inmobiliaria-aracil/,https://www.idealista.com/inmueble/108046261/,,,,,,,,2025-08-23
104956078,Masía en venta en Partida Riquer Baix,Barri Santa Rosa,1200.0,16000.0,5.0,5.0,inmobiliaria aracil,https://www.idealista.com/pro/inmobiliaria-aracil/,https://www.idealista.com/inmueble/104956078/,,,,,,,,2025-08-23
108000656,Ático en venta en Alameda Camilo Sesto,Barri Eixample,180000.0,100.0,3.0,1.0,inmobiliaria aracil,https://www.idealista.com/pro/inmobiliaria-aracil/,https://www.idealista.com/inmueble/108000656/,,,,,,,,2025-08-23
108009043,Piso en venta en Calle Pintor Cabrera,Barri Eixample,200000.0,145.0,4.0,1.0,inmobiliaria aracil,https://www.idealista.com/pro/inmobiliaria-aracil/,https://www.idealista.com/inmueble/108009043/,,,,,,,,2025-08-23
103297292,Ático en venta en Calle Sant Nicolau,Centro - Zona Alta,148000.0,115.0,4.0,1.0,inmobiliaria aracil,https://www.idealista.com/pro/inmobiliaria-aracil/,https://www.idealista.com/inmueble/103297292/,,,,,,,,2025-08-23
107759467,Ático en venta en Calle Sant Mateu,Centro - Zona Alta,129000.0,140.0,3.0,1.0,inmobiliaria aracil,https://www.idealista.com/pro/inmobiliaria-aracil/,https://www.idealista.com/inmueble/107759467/,,,,,,,,2025-08-23
107817536,Piso en venta en Calle Gabriel Miró,Barri Zona Nord,170000.0,190.0,3.0,2.0,inmobiliaria aracil,https://www.idealista.com/pro/inmobiliaria-aracil/,https://www.idealista.com/inmueble/107817536/,,,,,,,,2025-08-23
108566822,Piso en venta en Barri Santa Rosa,Alcoy / Alcoi,124999.0,115.0,4.0,2.0,OLCINA INMOBILIARIA,https://www.idealista.com/pro/olcinainmobiliaria/,https://www.idealista.com/inmueble/108566822/,,,,,,,,2025-08-23
107748751,Piso en venta en Maestro Espí,Barri Eixample,150000.0,100.0,3.0,2.0,inmobiliaria aracil,https://www.idealista.com/pro/inmobiliaria-aracil/,https://www.idealista.com/inmueble/107748751/,,,,,,,,2025-08-23
107630745,Casa o chalet independiente en venta en Calle Sant Antoni,Centro - Zona Alta,289000.0,464.0,4.0,3.0,Hipoges,https://www.idealista.com/pro/realestate-hipoges/,https://www.idealista.com/inmueble/107630745/,,,,,,,,2025-08-23
101375541,Casa o chalet en venta en Calle Forn del Vidre,Centro - Zona Alta,170000.0,322.0,1.0,1.0,Hipoges,https://www.idealista.com/pro/realestate-hipoges/,https://www.idealista.com/inmueble/101375541/,,,,,,,,2025-08-23
108062957,Casa o chalet independiente en venta en Centro - Zona Alta,Alcoy / Alcoi,567000.0,430.0,7.0,5.0,Inmobiliaria Euro,https://www.idealista.com/pro/inmobiliaria-euro/,https://www.idealista.com/inmueble/108062957/,,,,,,,,2025-08-23
105055632,"Piso en venta en Calle Santa Rosa, 15",Barri Santa Rosa,139000.0,158.0,4.0,2.0,Inversiones Car&Mar,https://www.idealista.com/pro/inversiones-car-mar/,https://www.idealista.com/inmueble/105055632/,,,,,,,,2025-08-23
107654480,Casa o chalet independiente en venta en Urbanización El Sargento,Barri Batoi - Sargento - Baradello,365000.0,400.0,4.0,2.0,Maravillas International Realty Group,https://www.idealista.com/pro/maravillasrealty/,https://www.idealista.com/inmueble/107654480/,,,,,,,,2025-08-23
108932013,"Piso en venta en Avenida Tirant lo Blanc, 36",Barri Zona Nord,180000.0,120.0,3.0,2.0,,,https://www.idealista.com/inmueble/108932013/,,,,,,,,2025-08-23
102488152,Masía en venta en Barri Batoi - Sargento - Baradello,Alcoy / Alcoi,4300.0,1850.0,10.0,10.0,Tarrazó Inmobiliaria,https://www.idealista.com/pro/tarrazo/,https://www.idealista.com/inmueble/102488152/,,,,,,,,2025-08-23
108972407,"Ático en venta en Calle València, 20",Barri Zona Nord,180000.0,95.0,3.0,2.0,,,https://www.idealista.com/inmueble/108972407/,,,,,,,,2025-08-23
108385281,Chalet adosado en venta en Centro - Zona Alta,Alcoy / Alcoi,280000.0,234.0,3.0,4.0,Tarrazó Inmobiliaria,https://www.idealista.com/pro/tarrazo/,https://www.idealista.com/inmueble/108385281/,,,,,,,,2025-08-23
101928059,Ático en venta en Barri Eixample,Alcoy / Alcoi,178000.0,100.0,3.0,2.0,Tarrazó Inmobiliaria,https://www.idealista.com/pro/tarrazo/,https://www.idealista.com/inmueble/101928059/,,,,,,,,2025-08-23
99914687,Ático en venta en Centro - Zona Alta,Alcoy / Alcoi,185000.0,150.0,3.0,2.0,Tarrazó Inmobiliaria,https://www.idealista.com/pro/tarrazo/,https://www.idealista.com/inmueble/99914687/,,,,,,,,2025-08-23
101437728,Ático en venta en Casa Blanca,Centro - Zona Alta,69000.0,55.0,,1.0,Soñar Home Consulting,https://www.idealista.com/pro/sonarhomeconsulting/,https://www.idealista.com/inmueble/101437728/,,,,,,,,2025-08-23
104706688,Piso en venta en Alameda Camilo Sesto,Barri Eixample,185000.0,268.0,6.0,1.0,inmobiliaria aracil,https://www.idealista.com/pro/inmobiliaria-aracil/,https://www.idealista.com/inmueble/104706688/,,,,,,,,2025-08-23
100699241,Casa o chalet independiente en venta en Partida Barxell,Barri Batoi - Sargento - Baradello,154000.0,100.0,1.0,1.0,OLCINA INMOBILIARIA,https://www.idealista.com/pro/olcinainmobiliaria/,https://www.idealista.com/inmueble/100699241/,,,,,,,,2025-08-23
108927423,Piso en venta en Barri Eixample,Alcoy / Alcoi,79500.0,70.0,2.0,1.0,Buve,https://www.idealista.com/pro/buve/,https://www.idealista.com/inmueble/108927423/,,,,,,,,2025-08-23
104502661,Piso en venta en Barri Santa Rosa,Alcoy / Alcoi,160000.0,103.0,3.0,2.0,Inversiones Car&Mar,https://www.idealista.com/pro/inversiones-car-mar/,https://www.idealista.com/inmueble/104502661/,,,,,,,,2025-08-23
107808469,Piso en venta en Barri Zona Nord,Alcoy / Alcoi,123900.0,100.0,3.0,2.0,Inversiones Car&Mar,https://www.idealista.com/pro/inversiones-car-mar/,https://www.idealista.com/inmueble/107808469/,,,,,,,,2025-08-23
107169441,"Casa o chalet independiente en venta en Partida Sentbenet Alt, 7",Centro - Zona Alta,450000.0,800.0,10.0,5.0,inmobiliaria aracil,https://www.idealista.com/pro/inmobiliaria-aracil/,https://www.idealista.com/inmueble/107169441/,,,,,,,,2025-08-23
108075238,"Piso en venta en Calle Sant Josep, 33",Centro - Zona Alta,65000.0,143.0,4.0,3.0,,,https://www.idealista.com/inmueble/108075238/,,,,,,,,2025-08-23
108789921,Piso en venta en Calle Pintor Cabrera,Barri Eixample,63000.0,60.0,2.0,1.0,Altages Inmobiliaria,https://www.idealista.com/pro/altages-inmobiliaria/,https://www.idealista.com/inmueble/108789921/,,,,,,,,2025-08-23
97461767,"Piso en venta en Calle Cronista Remigi Vicedo, 6",Barri Santa Rosa,130000.0,130.0,3.0,2.0,,,https://www.idealista.com/inmueble/97461767/,,,,,,,,2025-08-23
108435211,Piso en venta en Barri Eixample,Alcoy / Alcoi,145000.0,135.0,5.0,2.0,Inmobiliaria Numero Uno,https://www.idealista.com/pro/numero-uno/,https://www.idealista.com/inmueble/108435211/,,,,,,,,2025-08-23
108677866,Finca rústica en venta en Carretera Font Roja s/n,Centro - Zona Alta,119000.0,90.0,2.0,1.0,,,https://www.idealista.com/inmueble/108677866/,,,,,,,,2025-08-23
108443580,Casa o chalet independiente en venta en Barri Batoi - Sargento - Baradello,Alcoy / Alcoi,353556.0,400.0,4.0,3.0,Atelier Inmo Homes,https://www.idealista.com/pro/atelierinmohomes/,https://www.idealista.com/inmueble/108443580/,,,,,,,,2025-08-23
108813301,Piso en venta en Calle Tossal s/n,Centro - Zona Alta,30597.0,84.0,3.0,1.0,Invest MSS,https://www.idealista.com/pro/grupo-mss/,https://www.idealista.com/inmueble/108813301/,,,,,,,,2025-08-23
107983147,"Piso en venta en Calle Tossal, 47",Centro - Zona Alta,109000.0,90.0,2.0,1.0,inmobiliaria aracil,https://www.idealista.com/pro/inmobiliaria-aracil/,https://www.idealista.com/inmueble/107983147/,,,,,,,,2025-08-23
107229103,"Piso en venta en Calle Juan Gil Albert, 4",Barri Zona Nord,155000.0,140.0,5.0,2.0,,,https://www.idealista.com/inmueble/107229103/,,,,,,,,2025-08-23
1971201,"Casa o chalet independiente en venta en urbanización el Sargento, 119",Barri Santa Rosa,345000.0,400.0,4.0,3.0,,,https://www.idealista.com/inmueble/1971201/,,,,,,,,2025-08-23
108632061,"Piso en venta en Calle Cronista Jordán, 11",Barri Santa Rosa,140000.0,150.0,5.0,2.0,,,https://www.idealista.com/inmueble/108632061/,,,,,,,,2025-08-23
105918375,"Piso en venta en Calle Reconquesta, 52",Barri Eixample,195000.0,144.0,3.0,2.0,,,https://www.idealista.com/inmueble/105918375/,,,,,,,,2025-08-23
106302045,Piso en venta en Barri Eixample,Alcoy / Alcoi,159000.0,160.0,4.0,2.0,inmobiliaria aracil,https://www.idealista.com/pro/inmobiliaria-aracil/,https://www.idealista.com/inmueble/106302045/,,,,,,,,2025-08-23
104696549,Finca rústica en venta en Barri Zona Nord,Alcoy / Alcoi,105000.0,464.0,7.0,2.0,Servicios Inmobiliarios Interworld,https://www.idealista.com/pro/interworld/,https://www.idealista.com/inmueble/104696549/,,,,,,,,2025-08-23
96852970,Masía en venta en Partida Cotes Altes s/n,Barri Zona Nord,350000.0,939.0,10.0,3.0,inmobiliaria aracil,https://www.idealista.com/pro/inmobiliaria-aracil/,https://www.idealista.com/inmueble/96852970/,,,,,,,,2025-08-23
107268434,Finca rústica en venta en Barri Batoi - Sargento - Baradello,Alcoy / Alcoi,215000.0,250.0,4.0,1.0,Servicios Inmobiliarios Interworld,https://www.idealista.com/pro/interworld/,https://www.idealista.com/inmueble/107268434/,,,,,,,,2025-08-23
108000837,Piso en venta en Calle Santa Rosa,Barri Santa Rosa,190000.0,140.0,4.0,2.0,Inmobiliaria carbonell,https://www.idealista.com/pro/inmobiliaria-carbonell-30408/,https://www.idealista.com/inmueble/108000837/,,,,,,,,2025-08-23
95371747,Finca rústica en venta en Barri Batoi - Sargento - Baradello,Alcoy / Alcoi,2500.0,1200.0,18.0,6.0,inmobiliaria aracil,https://www.idealista.com/pro/inmobiliaria-aracil/,https://www.idealista.com/inmueble/95371747/,,,,,,,,2025-08-23
106300536,Piso en venta en Centro - Zona Alta,Alcoy / Alcoi,125000.0,100.0,3.0,2.0,inmobiliaria aracil,https://www.idealista.com/pro/inmobiliaria-aracil/,https://www.idealista.com/inmueble/106300536/,,,,,,,,2025-08-23
108693023,Piso en venta en Plaza Jaume el Conqueridor,Barri Santa Rosa,94990.0,120.0,3.0,2.0,Altages Inmobiliaria,https://www.idealista.com/pro/altages-inmobiliaria/,https://www.idealista.com/inmueble/108693023/,,,,,,,,2025-08-23
107465763,Piso en venta en Barri Santa Rosa,Alcoy / Alcoi,160000.0,85.0,2.0,2.0,inmobiliaria aracil,https://www.idealista.com/pro/inmobiliaria-aracil/,https://www.idealista.com/inmueble/107465763/,,,,,,,,2025-08-23
108748048,Chalet adosado en venta en Centro - Zona Alta,Alcoy / Alcoi,235000.0,160.0,4.0,2.0,inmobiliaria aracil,https://www.idealista.com/pro/inmobiliaria-aracil/,https://www.idealista.com/inmueble/108748048/,,,,,,,,2025-08-23
103839077,Masía en venta en Barri Batoi - Sargento - Baradello,Alcoy / Alcoi,3500.0,2187.0,15.0,6.0,,,https://www.idealista.com/inmueble/103839077/,,,,,,,,2025-08-23
105398365,Ático en venta en Centro - Zona Alta,Alcoy / Alcoi,380000.0,185.0,3.0,2.0,Next Steps Spain,https://www.idealista.com/pro/nextstepsspain/,https://www.idealista.com/inmueble/105398365/,,,,,,,,2025-08-23
108637383,Ático en venta en Barri Eixample,Alcoy / Alcoi,149900.0,79.0,2.0,1.0,Inmobiliaria Hache,https://www.idealista.com/pro/inmobiliaria-hache/,https://www.idealista.com/inmueble/108637383/,,,,,,,,2025-08-23
105154714,Piso en venta en Calle el Camí,Centro - Zona Alta,110000.0,92.0,2.0,2.0,inmobiliaria aracil,https://www.idealista.com/pro/inmobiliaria-aracil/,https://www.idealista.com/inmueble/105154714/,,,,,,,,2025-08-23
108294779,Piso en venta en Calle Primer de Maig,Barri Zona Nord,135000.0,95.0,4.0,2.0,inmobiliaria aracil,https://www.idealista.com/pro/inmobiliaria-aracil/,https://www.idealista.com/inmueble/108294779/,,,,,,,,2025-08-23
106084017,Chalet adosado en venta en Calle Cavall Bernat,Barri Zona Nord,210000.0,140.0,3.0,2.0,Inmobiliaria Terra,https://www.idealista.com/pro/inmobiliaria-terra/,https://www.idealista.com/inmueble/106084017/,,,,,,,,2025-08-23
99941294,Casa o chalet independiente en venta en Rambla Alta,Centro - Zona Alta,280000.0,329.0,5.0,3.0,Inmobiliaria Terra,https://www.idealista.com/pro/inmobiliaria-terra/,https://www.idealista.com/inmueble/99941294/,,,,,,,,2025-08-23
107223506,Piso en venta en Barri Zona Nord,Alcoy / Alcoi,199000.0,124.0,3.0,2.0,Inmocast,https://www.idealista.com/pro/inmocast/,https://www.idealista.com/inmueble/107223506/,,,,,,,,2025-08-23
96557927,Piso en venta en Camino Caseta Albors,Centro - Zona Alta,60000.0,107.0,2.0,1.0,Solvia HR,https://www.idealista.com/pro/solvia-inmo/,https://www.idealista.com/inmueble/96557927/,,,,,,,,2025-08-23
104924267,Piso en venta en Calle Sant Joan de Ribera,Centro - Zona Alta,99700.0,51.0,2.0,1.0,Inmobiliaria Bancaria,https://www.idealista.com/pro/bancaria/,https://www.idealista.com/inmueble/104924267/,,,,,,,,2025-08-23
108783435,Chalet adosado en venta en Calle Doña Amàlia,Centro - Zona Alta,235000.0,160.0,5.0,2.0,Inmobiliaria Blau,https://www.idealista.com/pro/inmobiliariablau/,https://www.idealista.com/inmueble/108783435/,,,,,,,,2025-08-23
100985940,"Chalet adosado en venta en Calle Tossal, El Viaducto, Alcoy, La Hoya de Alcoy, Alicante, Comunidad Valenciana, 03801, España",Centro - Zona Alta,290000.0,226.0,3.0,2.0,inmobiliaria aracil,https://www.idealista.com/pro/inmobiliaria-aracil/,https://www.idealista.com/inmueble/100985940/,,,,,,,,2025-08-23
108637795,Piso en venta en Alameda Camilo Sesto,Barri Eixample,185000.0,240.0,5.0,3.0,Inmobiliaria Blau,https://www.idealista.com/pro/inmobiliariablau/,https://www.idealista.com/inmueble/108637795/,,,,,,,,2025-08-23
99963210,Piso en venta en Calle casa blanca,Centro - Zona Alta,50000.0,40.0,1.0,1.0,GEALSA,https://www.idealista.com/pro/gealsa/,https://www.idealista.com/inmueble/99963210/,,,,,,,,2025-08-23
105522027,Piso en venta en Alameda Camilo Sesto,Barri Eixample,150000.0,207.0,6.0,2.0,inmobiliaria aracil,https://www.idealista.com/pro/inmobiliaria-aracil/,https://www.idealista.com/inmueble/105522027/,,,,,,,,2025-08-23
26915958,"Chalet adosado en venta en Calle Sant Joan de Ribera, 37 a",Centro - Zona Alta,280000.0,250.0,3.0,4.0,,,https://www.idealista.com/inmueble/26915958/,,,,,,,,2025-08-23
100929686,Casa o chalet independiente en venta en Calle Alt,Centro - Zona Alta,335000.0,400.0,4.0,3.0,Gestimar Inmobiliaria,https://www.idealista.com/pro/gestimarinmobiliaria/,https://www.idealista.com/inmueble/100929686/,,,,,,,,2025-08-23
108593635,Casa o chalet independiente en venta en Barri Batoi - Sargento - Baradello,Alcoy / Alcoi,369999.0,230.0,4.0,3.0,OLCINA INMOBILIARIA,https://www.idealista.com/pro/olcinainmobiliaria/,https://www.idealista.com/inmueble/108593635/,,,,,,,,2025-08-23
107911329,Finca rústica en venta en Barri Batoi - Sargento - Baradello,Alcoy / Alcoi,215000.0,190.0,6.0,3.0,Servicios Inmobiliarios Interworld,https://www.idealista.com/pro/interworld/,https://www.idealista.com/inmueble/107911329/,,,,,,,,2025-08-23
106336249,Piso en venta en Centro - Zona Alta,Alcoy / Alcoi,198000.0,50.0,1.0,1.0,,,https://www.idealista.com/inmueble/106336249/,,,,,,,,2025-08-23
108446333,Piso en venta en Calle Poeta Joan Valls,Barri Eixample,220000.0,285.0,7.0,5.0,Inmobiliaria Blau,https://www.idealista.com/pro/inmobiliariablau/,https://www.idealista.com/inmueble/108446333/,,,,,,,,2025-08-23
105375746,Piso en venta en Calle Caramanxel,Barri Zona Nord,11000.0,65.0,3.0,1.0,Solvia HR,https://www.idealista.com/pro/solvia-inmo/,https://www.idealista.com/inmueble/105375746/,,,,,,,,2025-08-23
107896510,Piso en venta en Centro - Zona Alta,Alcoy / Alcoi,165000.0,140.0,3.0,2.0,Inversiones Car&Mar,https://www.idealista.com/pro/inversiones-car-mar/,https://www.idealista.com/inmueble/107896510/,,,,,,,,2025-08-23
99133154,Piso en venta en Calle Metge Mario García,Centro - Zona Alta,17000.0,95.0,3.0,1.0,Solvia HR,https://www.idealista.com/pro/solvia-inmo/,https://www.idealista.com/inmueble/99133154/,,,,,,,,2025-08-23
107834018,Casa o chalet independiente en venta en Barri Batoi - Sargento - Baradello,Alcoy / Alcoi,300000.0,240.0,4.0,2.0,,,https://www.idealista.com/inmueble/107834018/,,,,,,,,2025-08-23
108636107,Piso en venta en CL Isabel II,Barri Santa Rosa,140000.0,118.0,3.0,2.0,Inmobiliaria Terra,https://www.idealista.com/pro/inmobiliaria-terra/,https://www.idealista.com/inmueble/108636107/,,,,,,,,2025-08-23
96567154,Piso en venta en Calle Mossèn Arnauda,Barri Zona Nord,23000.0,70.0,2.0,1.0,Solvia HR,https://www.idealista.com/pro/solvia-inmo/,https://www.idealista.com/inmueble/96567154/,,,,,,,,2025-08-23
96561690,Piso en venta en Camino Caseta Albors,Centro - Zona Alta,9000.0,28.0,1.0,1.0,Solvia HR,https://www.idealista.com/pro/solvia-inmo/,https://www.idealista.com/inmueble/96561690/,,,,,,,,2025-08-23
96566503,Piso en venta en Calle Sant Joan,Centro - Zona Alta,12000.0,55.0,1.0,1.0,Solvia HR,https://www.idealista.com/pro/solvia-inmo/,https://www.idealista.com/inmueble/96566503/,,,,,,,,2025-08-23
107865188,"Piso en venta en Calle Santa Rosa, 61",Barri Santa Rosa,175000.0,130.0,4.0,2.0,,,https://www.idealista.com/inmueble/107865188/,,,,,,,,2025-08-23
107973477,Piso en venta en Calle Puríssima,Centro - Zona Alta,45600.0,75.0,2.0,1.0,Solvia Inmobiliaria NB,https://www.idealista.com/pro/idealista-260428931-1734526927977/,https://www.idealista.com/inmueble/107973477/,,,,,,,,2025-08-23
108702897,"Chalet adosado en venta en Calle Doña Amàlia, 58",Centro - Zona Alta,235000.0,160.0,5.0,2.0,,,https://www.idealista.com/inmueble/108702897/,,,,,,,,2025-08-23
99132631,Piso en venta en Calle la Sardina,Centro - Zona Alta,34200.0,110.0,1.0,1.0,Solvia HR,https://www.idealista.com/pro/solvia-inmo/,https://www.idealista.com/inmueble/99132631/,,,,,,,,2025-08-23
86526548,"Ático en venta en Calle Rigobert Albors, 5",Centro - Zona Alta,259000.0,230.0,5.0,2.0,,,https://www.idealista.com/inmueble/86526548/,,,,,,,,2025-08-23
96561689,Piso en venta en Camino Caseta Albors,Centro - Zona Alta,12000.0,44.0,1.0,1.0,Solvia HR,https://www.idealista.com/pro/solvia-inmo/,https://www.idealista.com/inmueble/96561689/,,,,,,,,2025-08-23
108689754,Casa o chalet en venta en Carretera Molinar,Centro - Zona Alta,76000.0,76.0,3.0,2.0,Solvia HR,https://www.idealista.com/pro/solvia-inmo/,https://www.idealista.com/inmueble/108689754/,,,,,,,,2025-08-23
109034812,"Casa o chalet independiente en venta en Carretera La Riba, 6",Centro - Zona Alta,250000.0,900.0,10.0,4.0,,,https://www.idealista.com/inmueble/109034812/,,,,,,,,2025-08-23
99132630,Piso en venta en Calle Sant Joan,Centro - Zona Alta,30500.0,109.0,1.0,1.0,Solvia HR,https://www.idealista.com/pro/solvia-inmo/,https://www.idealista.com/inmueble/99132630/,,,,,,,,2025-08-23
108394166,Piso en venta en Barri Santa Rosa,Alcoy / Alcoi,69500.0,98.0,4.0,1.0,Inversiones Car&Mar,https://www.idealista.com/pro/inversiones-car-mar/,https://www.idealista.com/inmueble/108394166/,,,,,,,,2025-08-23
108593720,Casa o chalet independiente en venta en Barri Batoi - Sargento - Baradello,Alcoy / Alcoi,415000.0,351.0,6.0,3.0,OLCINA INMOBILIARIA,https://www.idealista.com/pro/olcinainmobiliaria/,https://www.idealista.com/inmueble/108593720/,,,,,,,,2025-08-23
108802562,Piso en venta en Barri Santa Rosa,Alcoy / Alcoi,93000.0,118.0,3.0,2.0,TU CASA EN ELCHE TCE 2023,https://www.idealista.com/pro/tu-casa-en-elche/,https://www.idealista.com/inmueble/108802562/,,,,,,,,2025-08-23
106904910,"Piso en venta en Calle Santa Rosa, 45",Barri Santa Rosa,130000.0,136.0,4.0,2.0,,,https://www.idealista.com/inmueble/106904910/,,,,,,,,2025-08-23
106844612,Piso en venta en Centro - Zona Alta,Alcoy / Alcoi,240000.0,220.0,3.0,3.0,inmobiliaria aracil,https://www.idealista.com/pro/inmobiliaria-aracil/,https://www.idealista.com/inmueble/106844612/,,,,,,,,2025-08-23
102483285,Dúplex en venta en Maulets,Centro - Zona Alta,99000.0,225.0,3.0,1.0,Inmobiliaria Terra,https://www.idealista.com/pro/inmobiliaria-terra/,https://www.idealista.com/inmueble/102483285/,,,,,,,,2025-08-23
102545563,Piso en venta en Centro - Zona Alta,Alcoy / Alcoi,185000.0,140.0,3.0,2.0,NEXT HOME INMOBILIARIA,https://www.idealista.com/pro/inmonexthome/,https://www.idealista.com/inmueble/102545563/,,,,,,,,2025-08-23
106479280,"Masía en venta en Camino Caseta Madrid, 1",Barri Santa Rosa,999000.0,400.0,3.0,3.0,,,https://www.idealista.com/inmueble/106479280/,,,,,,,,2025-08-23
107316941,Piso en venta en Centro - Zona Alta,Alcoy / Alcoi,115000.0,90.0,3.0,2.0,inmobiliaria aracil,https://www.idealista.com/pro/inmobiliaria-aracil/,https://www.idealista.com/inmueble/107316941/,,,,,,,,2025-08-23
107743932,"Chalet adosado en venta en font de la uixola, 1",Barri Eixample,374500.0,182.0,3.0,3.0,,,https://www.idealista.com/inmueble/107743932/,,,,,,,,2025-08-23
106967544,Chalet adosado en venta en Barri Eixample,Alcoy / Alcoi,361305.0,614.0,7.0,5.0,inmobiliaria aracil,https://www.idealista.com/pro/inmobiliaria-aracil/,https://www.idealista.com/inmueble/106967544/,,,,,,,,2025-08-23
107228155,"Piso en venta en Calle Juan Gil Albert, 73",Barri Zona Nord,140000.0,110.0,3.0,1.0,,,https://www.idealista.com/inmueble/107228155/,,,,,,,,2025-08-23
108979120,Piso en venta en Alameda Camilo Sesto,Barri Eixample,130000.0,168.0,6.0,2.0,Inmobiliaria Hache,https://www.idealista.com/pro/inmobiliaria-hache/,https://www.idealista.com/inmueble/108979120/,,,,,,,,2025-08-23
108045216,Estudio en venta en Centro - Zona Alta,Alcoy / Alcoi,25000.0,62.0,,2.0,Inmobiliaria Hache,https://www.idealista.com/pro/inmobiliaria-hache/,https://www.idealista.com/inmueble/108045216/,,,,,,,,2025-08-23
102851130,Ático en venta en Centro - Zona Alta,Alcoy / Alcoi,300000.0,170.0,4.0,2.0,inmobiliaria aracil,https://www.idealista.com/pro/inmobiliaria-aracil/,https://www.idealista.com/inmueble/102851130/,,,,,,,,2025-08-23
106638848,Piso en venta en Centro - Zona Alta,Alcoy / Alcoi,104690.0,104.0,1.0,3.0,NEXT HOME INMOBILIARIA,https://www.idealista.com/pro/inmonexthome/,https://www.idealista.com/inmueble/106638848/,,,,,,,,2025-08-23
107793838,Piso en venta en Barri Zona Nord,Alcoy / Alcoi,124000.0,108.0,3.0,2.0,Inmobiliaria Terra,https://www.idealista.com/pro/inmobiliaria-terra/,https://www.idealista.com/inmueble/107793838/,,,,,,,,2025-08-23
106328582,Piso en venta en Calle Alfafara,Barri Eixample,143750.0,150.0,1.0,1.0,Aliseda inmobiliaria,https://www.idealista.com/pro/gesaliseda/,https://www.idealista.com/inmueble/106328582/,,,,,,,,2025-08-23
108651592,Piso en venta en Pz Jaume El Conqueridor,Barri Santa Rosa,93000.0,118.0,3.0,2.0,Inmobiliaria Terra,https://www.idealista.com/pro/inmobiliaria-terra/,https://www.idealista.com/inmueble/108651592/,,,,,,,,2025-08-23
107396314,Piso en venta en Barri Zona Nord,Alcoy / Alcoi,95000.0,95.0,3.0,2.0,Inmobiliaria Norte,https://www.idealista.com/pro/inmobiliarianorte/,https://www.idealista.com/inmueble/107396314/,,,,,,,,2025-08-23
104508598,"Casa o chalet independiente en venta en Calle els Llençols, 10",Barri Eixample,690000.0,505.0,6.0,4.0,,,https://www.idealista.com/inmueble/104508598/,,,,,,,,2025-08-23
105366816,Piso en venta en Barri Santa Rosa,Alcoy / Alcoi,130000.0,140.0,4.0,2.0,Next Steps Spain,https://www.idealista.com/pro/nextstepsspain/,https://www.idealista.com/inmueble/105366816/,,,,,,,,2025-08-23
107657435,Piso en venta en Centro - Zona Alta,Alcoy / Alcoi,110000.0,90.0,4.0,2.0,Abenza inmuebles,https://www.idealista.com/pro/abenza-inmuebles/,https://www.idealista.com/inmueble/107657435/,,,,,,,,2025-08-23
108440331,Casa o chalet independiente en venta en Barri Batoi - Sargento - Baradello,Alcoy / Alcoi,250000.0,180.0,4.0,2.0,Inmobiliaria Numero Uno,https://www.idealista.com/pro/numero-uno/,https://www.idealista.com/inmueble/108440331/,,,,,,,,2025-08-23
107956346,Piso en venta en Barri Santa Rosa,Alcoy / Alcoi,116150.0,131.0,3.0,2.0,Aliseda inmobiliaria,https://www.idealista.com/pro/gesaliseda/,https://www.idealista.com/inmueble/107956346/,,,,,,,,2025-08-23
107658044,Piso en venta en Barri Eixample,Alcoy / Alcoi,105000.0,135.0,4.0,2.0,Inmobiliaria Numero Uno,https://www.idealista.com/pro/numero-uno/,https://www.idealista.com/inmueble/107658044/,,,,,,,,2025-08-23
108954761,"Piso en venta en Calle el Camí, 30",Centro - Zona Alta,185000.0,174.0,4.0,3.0,,,https://www.idealista.com/inmueble/108954761/,,,,,,,,2025-08-23
108475879,Finca rústica en venta en Barri Batoi - Sargento - Baradello,Alcoy / Alcoi,145000.0,131.0,3.0,1.0,Inmobiliaria Norte,https://www.idealista.com/pro/inmobiliarianorte/,https://www.idealista.com/inmueble/108475879/,,,,,,,,2025-08-23
107385916,Estudio en venta en Centro - Zona Alta,Alcoy / Alcoi,83475.0,72.0,,1.0,Aliseda inmobiliaria,https://www.idealista.com/pro/gesaliseda/,https://www.idealista.com/inmueble/107385916/,,,,,,,,2025-08-23
108459600,Estudio en venta en Centro - Zona Alta,Alcoy / Alcoi,112125.0,85.0,,2.0,Aliseda inmobiliaria,https://www.idealista.com/pro/gesaliseda/,https://www.idealista.com/inmueble/108459600/,,,,,,,,2025-08-23
97216193,"Piso en venta en Calle sant josep, 58",Centro - Zona Alta,75000.0,70.0,2.0,1.0,,,https://www.idealista.com/inmueble/97216193/,,,,,,,,2025-08-23
108940128,Casa o chalet independiente en venta en Partida de Barxell s/n,Barri Batoi - Sargento - Baradello,320000.0,220.0,4.0,2.0,,,https://www.idealista.com/inmueble/108940128/,,,,,,,,2025-08-23
97761053,"Ático en venta en Alameda Camilo Sesto, 79",Barri Eixample,175000.0,100.0,3.0,2.0,,,https://www.idealista.com/inmueble/97761053/,,,,,,,,2025-08-23
108672730,"Casa o chalet independiente en venta en Urbanització l'Estepar, 109",Centro - Zona Alta,149000.0,97.0,3.0,1.0,,,https://www.idealista.com/inmueble/108672730/,,,,,,,,2025-08-23
102377023,"Piso en venta en Camino c/El, 62",Centro - Zona Alta,165000.0,141.0,3.0,2.0,,,https://www.idealista.com/inmueble/102377023/,,,,,,,,2025-08-23
107854880,Ático en venta en Alameda Camilo Sesto,Barri Eixample,140000.0,70.0,2.0,1.0,Inmobiliaria Terra,https://www.idealista.com/pro/inmobiliaria-terra/,https://www.idealista.com/inmueble/107854880/,,,,,,,,2025-08-23
105958743,"Casa o chalet independiente en venta en Partida Rambla Baixa, 5",Centro - Zona Alta,345000.0,585.0,6.0,4.0,,,https://www.idealista.com/inmueble/105958743/,,,,,,,,2025-08-23
34412508,"Dúplex en venta en Calle sant nicolau, 96",Centro - Zona Alta,120000.0,120.0,3.0,2.0,,,https://www.idealista.com/inmueble/34412508/,,,,,,,,2025-08-23
108058634,Estudio en venta en Centro - Zona Alta,Alcoy / Alcoi,95450.0,80.0,,2.0,Aliseda inmobiliaria,https://www.idealista.com/pro/gesaliseda/,https://www.idealista.com/inmueble/108058634/,,,,,,,,2025-08-23
108331396,Estudio en venta en Centro - Zona Alta,Alcoy / Alcoi,89125.0,73.0,,1.0,Aliseda inmobiliaria,https://www.idealista.com/pro/gesaliseda/,https://www.idealista.com/inmueble/108331396/,,,,,,,,2025-08-23
108318287,"Piso en venta en Alameda Camilo Sesto, 10",Barri Eixample,185000.0,240.0,5.0,3.0,,,https://www.idealista.com/inmueble/108318287/,,,,,,,,2025-08-23
97844337,"Piso en venta en Calle Encaro, 1",Centro - Zona Alta,120000.0,100.0,3.0,2.0,,,https://www.idealista.com/inmueble/97844337/,,,,,,,,2025-08-23
108446125,Piso en venta en Barri Eixample,Alcoy / Alcoi,147000.0,146.0,5.0,2.0,Inmobiliaria Terra,https://www.idealista.com/pro/inmobiliaria-terra/,https://www.idealista.com/inmueble/108446125/,,,,,,,,2025-08-23
108899661,Piso en venta en Barri Eixample,Alcoy / Alcoi,130000.0,105.0,3.0,2.0,TX CASAS INMOBILIARIA,https://www.idealista.com/pro/tx-casas-inmobiliaria/,https://www.idealista.com/inmueble/108899661/,,,,,,,,2025-08-23
108150209,"Piso en venta en Calle Cronista Jordán, 17",Barri Santa Rosa,140000.0,150.0,5.0,2.0,,,https://www.idealista.com/inmueble/108150209/,,,,,,,,2025-08-23
108272920,"Piso en venta en Calle Echegaray, 19",Centro - Zona Alta,125000.0,70.0,2.0,1.0,,,https://www.idealista.com/inmueble/108272920/,,,,,,,,2025-08-23
25773154,"Piso en venta en San Nicolas, 143",Centro - Zona Alta,80000.0,80.0,2.0,1.0,,,https://www.idealista.com/inmueble/25773154/,,,,,,,,2025-08-23
107572101,"Ático en venta en Calle Ibi, 36",Barri Santa Rosa,159000.0,98.0,4.0,2.0,,,https://www.idealista.com/inmueble/107572101/,,,,,,,,2025-08-23
99875222,"Masía en venta en Rambla Alta, 59",Centro - Zona Alta,150000.0,170.0,10.0,2.0,,,https://www.idealista.com/inmueble/99875222/,,,,,,,,2025-08-23
106753450,"Chalet pareado en venta en Calle els Maulets, 12",Centro - Zona Alta,50000.0,135.0,2.0,1.0,,,https://www.idealista.com/inmueble/106753450/,,,,,,,,2025-08-23
106297795,"Piso en venta en Calle Cronista Jordán, 20",Barri Santa Rosa,92000.0,100.0,4.0,1.0,,,https://www.idealista.com/inmueble/106297795/,,,,,,,,2025-08-23
108786924,Piso en venta en Barri Zona Nord,Alcoy / Alcoi,165000.0,95.0,3.0,2.0,Inmobiliaria Numero Uno,https://www.idealista.com/pro/numero-uno/,https://www.idealista.com/inmueble/108786924/,,,,,,,,2025-08-23
108159633,Piso en venta en Barri Santa Rosa,Alcoy / Alcoi,140000.0,120.0,4.0,2.0,Inmobiliaria Norte,https://www.idealista.com/pro/inmobiliarianorte/,https://www.idealista.com/inmueble/108159633/,,,,,,,,2025-08-23
100283971,"Piso en venta en Calle Roger de Llúria, 2",Centro - Zona Alta,195000.0,175.0,5.0,3.0,,,https://www.idealista.com/inmueble/100283971/,,,,,,,,2025-08-23
108610578,"Ático en venta en Avenida de Alameda de Camilo Sesto, 22",Barri Eixample,149900.0,92.0,2.0,1.0,,,https://www.idealista.com/inmueble/108610578/,,,,,,,,2025-08-23
105080006,"Piso en venta en Varias, 14 ,",Barri Eixample,298000.0,220.0,3.0,1.0,,,https://www.idealista.com/inmueble/105080006/,,,,,,,,2025-08-23
91837932,"Piso en venta en Plaza Hospital Sueco Noruego, 2",Centro - Zona Alta,131000.0,120.0,3.0,2.0,,,https://www.idealista.com/inmueble/91837932/,,,,,,,,2025-08-23
107477781,"Piso en venta en Calle maestro espi, 11",Barri Santa Rosa,150000.0,100.0,3.0,2.0,,,https://www.idealista.com/inmueble/107477781/,,,,,,,,2025-08-23
103403370,"Piso en venta en Alameda Camilo Sesto, 4",Barri Eixample,180000.0,150.0,4.0,2.0,,,https://www.idealista.com/inmueble/103403370/,,,,,,,,2025-08-23
106979980,"Piso en venta en Calle Escultor Peresejo, 24",Barri Eixample,117500.0,120.0,4.0,2.0,,,https://www.idealista.com/inmueble/106979980/,,,,,,,,2025-08-23
81156708,"Ático en venta en Calle el Camí, 46",Centro - Zona Alta,185000.0,150.0,3.0,2.0,,,https://www.idealista.com/inmueble/81156708/,,,,,,,,2025-08-23
81772162,Chalet pareado en venta en Barri Batoi - Sargento - Baradello,Alcoy / Alcoi,230000.0,256.0,4.0,2.0,,,https://www.idealista.com/inmueble/81772162/,,,,,,,,2025-08-23
81156772,"Piso en venta en Calle Sant Francesc, 23",Centro - Zona Alta,76000.0,60.0,1.0,1.0,,,https://www.idealista.com/inmueble/81156772/,,,,,,,,2025-08-23
86910426,"Piso en venta en Calle Lluís Vives, 11",Barri Zona Nord,130000.0,90.0,3.0,2.0,,,https://www.idealista.com/inmueble/86910426/,,,,,,,,2025-08-23
105841744,"Piso en venta en Calle la Sardina, 6",Centro - Zona Alta,20000.0,54.0,0.0,,,,https://www.idealista.com/inmueble/105841744/,54.0,53.0,,Segunda mano/para reformar,Planta 3ª exterior,True,False,2025-08-23
109023961,Alquiler de piso en Calle Sant Joan de Ribera,Centro - Zona Alta,650.0,82.0,3.0,1.0,Investhome,https://www.idealista.com/pro/investhome/,https://www.idealista.com/inmueble/109023961/,82.0,81.0,,Segunda mano/buen estado,Planta 1ª exterior,True,True,2025-08-23
109040665,"Alquiler de piso en Avenida Hispanitat, 4",Barri Zona Nord,650.0,95.0,3.0,1.0,,,https://www.idealista.com/inmueble/109040665/,95.0,,,Segunda mano/buen estado,Planta 1ª exterior,True,False,2025-08-23
108625585,"Alquiler de piso en Calle Sant Josep, 42",Centro - Zona Alta,550.0,60.0,,1.0,Corins Homes,https://www.idealista.com/pro/corinshomes/,https://www.idealista.com/inmueble/108625585/,60.0,58.0,,Segunda mano/buen estado,Planta 3ª interior,False,False,2025-08-23
108865182,Alquiler de piso en Calle Diego Fernando Montañés,Centro - Zona Alta,750.0,71.0,3.0,1.0,Inversiones Car&Mar,https://www.idealista.com/pro/inversiones-car-mar/,https://www.idealista.com/inmueble/108865182/,71.0,69.0,,Segunda mano/buen estado,Bajo exterior,True,False,2025-08-23
108958651,"Alquiler de casa rural en Pd Riquer Alt, 15",Barri Batoi - Sargento - Baradello,1500.0,300.0,6.0,1.0,Martinez & Asociados,https://www.idealista.com/pro/martinezasociados-39134/,https://www.idealista.com/inmueble/108958651/,300.0,200.0,,Segunda mano/buen estado,,,,2025-08-23
86525258,"Alquiler de piso en Calle el Tap, 12",Centro - Zona Alta,450.0,40.0,,1.0,,,https://www.idealista.com/inmueble/86525258/,40.0,38.0,,Segunda mano/buen estado,Planta 3ª exterior,True,False,2025-08-23
109033284,"Alquiler de piso en Calle Sabadell, 21",Barri Zona Nord,675.0,85.0,2.0,1.0,,,https://www.idealista.com/inmueble/109033284/,85.0,,,Segunda mano/buen estado,Planta 1ª exterior,True,True,2025-08-23
108796390,"Alquiler de piso en Calle Na Saurina d'Entença, 33",Barri Eixample,700.0,160.0,4.0,2.0,,,https://www.idealista.com/inmueble/108796390/,160.0,150.0,,Segunda mano/buen estado,Planta 3ª exterior,True,True,2025-08-23
108994627,Alquiler de masía en Barri Batoi - Sargento - Baradello,Alcoy / Alcoi,1500.0,300.0,5.0,1.0,Abarca servicios inmobiliarios,https://www.idealista.com/pro/inmoabarca/,https://www.idealista.com/inmueble/108994627/,300.0,250.0,,Segunda mano/buen estado,,,,2025-08-23
108885490,Alquiler de piso en Calle Rigobert Albors,Centro - Zona Alta,600.0,75.0,3.0,1.0,Altages Inmobiliaria,https://www.idealista.com/pro/altages-inmobiliaria/,https://www.idealista.com/inmueble/108885490/,75.0,,,Segunda mano/buen estado,Planta 1ª exterior,True,True,2025-08-23
108122782,Alquiler de estudio en Centro - Zona Alta,Alcoy / Alcoi,400.0,30.0,0.0,1.0,Inmobiliaria Hache,https://www.idealista.com/pro/inmobiliaria-hache/,https://www.idealista.com/inmueble/108122782/,30.0,,,Segunda mano/buen estado,Planta 2ª exterior,True,True,2025-08-23
106240925,"Alquiler de casa o chalet independiente en Calle els Maulets, 14",Centro - Zona Alta,700.0,190.0,3.0,1.0,,,https://www.idealista.com/inmueble/106240925/,190.0,,True,Segunda mano/buen estado,,,,2025-08-23
108790501,"Alquiler de piso en Calle Juan Gil Albert, 2",Barri Zona Nord,900.0,176.0,4.0,3.0,,,https://www.idealista.com/inmueble/108790501/,176.0,,,Segunda mano/buen estado,Planta 3ª exterior,True,True,2025-08-23
101571395,"Alquiler de estudio en Calle San Nicolás, 131",Barri Eixample,475.0,50.0,0.0,1.0,,,https://www.idealista.com/inmueble/101571395/,50.0,45.0,,Segunda mano/buen estado,Planta 3ª exterior,True,False,2025-08-23
106990668,Alquiler de chalet adosado en Barri Eixample,Alcoy / Alcoi,2400.0,614.0,7.0,5.0,inmobiliaria aracil,https://www.idealista.com/pro/inmobiliaria-aracil/,https://www.idealista.com/inmueble/106990668/,614.0,,True,Segunda mano/buen estado,,,,2025-08-23
107638822,Alquiler de piso en Barri Eixample,Alcoy / Alcoi,720.0,105.0,3.0,2.0,Abenza inmuebles,https://www.idealista.com/pro/abenza-inmuebles/,https://www.idealista.com/inmueble/107638822/,105.0,100.0,,Segunda mano/buen estado,Planta 1ª exterior,True,True,2025-08-23
108432909,Alquiler de piso en Centro - Zona Alta,Alcoy / Alcoi,500.0,60.0,2.0,1.0,Inmobiliaria Hache,https://www.idealista.com/pro/inmobiliaria-hache/,https://www.idealista.com/inmueble/108432909/,60.0,,,Segunda mano/buen estado,Planta 4ª interior,False,False,2025-08-23
108781129,Alquiler de ático en Barri Eixample,Alcoy / Alcoi,550.0,60.0,,1.0,Inmobiliaria Norte,https://www.idealista.com/pro/inmobiliarianorte/,https://www.idealista.com/inmueble/108781129/,60.0,,True,Segunda mano/buen estado,Planta 4ª exterior,True,True,2025-08-23
105537175,"Alquiler de piso en Calle els Alçamora, 37",Barri Santa Rosa,600.0,100.0,4.0,2.0,,,https://www.idealista.com/inmueble/105537175/,100.0,,True,Segunda mano/buen estado,Planta 6ª exterior,True,True,2025-08-23
96768054,"Alquiler de piso en Calle el Camí, 50",Centro - Zona Alta,550.0,120.0,4.0,1.0,,,https://www.idealista.com/inmueble/96768054/,120.0,100.0,True,Segunda mano/buen estado,Planta 2ª exterior,True,False,2025-08-23
108954160,"Alquiler de piso en Calle Mestre José Ribera Montes, 33",Barri Santa Rosa,850.0,140.0,3.0,2.0,,,https://www.idealista.com/inmueble/108954160/,140.0,,,Segunda mano/buen estado,Planta 6ª exterior,True,True,2025-08-23
107865051,"Alquiler de piso en Calle Professor Simó Alòs, 2",Barri Zona Nord,560.0,80.0,3.0,1.0,,,https://www.idealista.com/inmueble/107865051/,80.0,78.0,,Segunda mano/buen estado,Planta 3ª exterior,True,False,2025-08-23
108649566,"Alquiler de piso en Calle Perú, 45",Barri Eixample,650.0,75.0,2.0,1.0,,,https://www.idealista.com/inmueble/108649566/,75.0,,,Segunda mano/buen estado,Planta 3ª exterior,True,False,2025-08-23
98088552,"Alquiler de ático en casa blanca, 32",Centro - Zona Alta,500.0,40.0,1.0,1.0,,,https://www.idealista.com/inmueble/98088552/,40.0,32.0,True,Segunda mano/buen estado,Planta 4ª exterior,True,False,2025-08-23
101489251,"Alquiler de ático en Calle Pintor Casanova, 20",Centro - Zona Alta,550.0,87.0,3.0,1.0,,,https://www.idealista.com/inmueble/101489251/,87.0,80.0,,Segunda mano/buen estado,Planta 4ª exterior,True,False,2025-08-23
105788331,"Alquiler de piso en Calle Sant Antoni, 1",Centro - Zona Alta,680.0,60.0,2.0,2.0,,,https://www.idealista.com/inmueble/105788331/,60.0,,True,Segunda mano/buen estado,Bajo exterior,True,False,2025-08-23
108120934,"Alquiler de piso en Calle la Sardina, 11",Centro - Zona Alta,560.0,80.0,3.0,1.0,,,https://www.idealista.com/inmueble/108120934/,80.0,78.0,,Segunda mano/buen estado,Planta 3ª exterior,True,False,2025-08-23
106080382,"Alquiler de piso en Calle Mestre Faus, 5",Barri Zona Nord,600.0,73.0,3.0,1.0,,,https://www.idealista.com/inmueble/106080382/,73.0,65.0,,Segunda mano/buen estado,Planta 4ª exterior,True,False,2025-08-23
83017352,"Ático en venta en Calle d'Alfons el Magnànim, 3",Barri Santa Rosa,123000.0,105.0,3.0,2.0,,,https://www.idealista.com/inmueble/83017352/,105.0,,True,Segunda mano/buen estado,Planta 5ª exterior,True,True,2025-08-23
109061323,Piso en venta en Barri Eixample,Alcoy / Alcoi,130000.0,119.0,3.0,2.0,Gestores inmobiliarios,https://www.idealista.com/pro/adanpadaughters/,https://www.idealista.com/inmueble/109061323/,119.0,,,Segunda mano/buen estado,,True,True,2025-08-23
109048210,Piso en venta en Barri Zona Nord,Alcoy / Alcoi,160000.0,94.0,4.0,1.0,Buve,https://www.idealista.com/pro/buve/,https://www.idealista.com/inmueble/109048210/,94.0,,,Segunda mano/buen estado,,True,False,2025-08-23
109062259,Alquiler de piso en Calle Sant Jaume,Centro - Zona Alta,550.0,53.0,2.0,1.0,Investhome,https://www.idealista.com/pro/investhome/,https://www.idealista.com/inmueble/109062259/,53.0,52.0,,Segunda mano/buen estado,Planta 4ª exterior,True,False,2025-08-23
102440312,Alquiler de estudio en sant francesc,Centro - Zona Alta,450.0,35.0,0.0,1.0,Loving flat,https://www.idealista.com/pro/loving-flat/,https://www.idealista.com/inmueble/102440312/,35.0,30.0,,Segunda mano/buen estado,Planta 3ª interior,False,False,2025-08-23
107031618,Ático en venta en Barri Santa Rosa,Alcoy / Alcoi,159000.0,129.0,3.0,1.0,inmobiliaria aracil,https://www.idealista.com/pro/inmobiliaria-aracil/,https://www.idealista.com/inmueble/107031618/,129.0,,True,Segunda mano/buen estado,Planta 8ª exterior,True,True,2025-08-24
106594158,"Piso en venta en Plaza del Centenari, 49",Barri Santa Rosa,98000.0,100.0,3.0,2.0,,,https://www.idealista.com/inmueble/106594158/,100.0,95.0,,Segunda mano/buen estado,Planta 4ª exterior,True,True,2025-08-24
109075856,Alquiler de piso en CL Sant Vicent Ferrer,Centro - Zona Alta,525.0,120.0,2.0,1.0,VHogares,https://www.idealista.com/pro/vhogares/,https://www.idealista.com/inmueble/109075856/,120.0,115.0,,Segunda mano/buen estado,Planta 4ª exterior,True,False,2025-08-24
107720098,Piso en venta en Calle Gabriel Miró,Barri Zona Nord,170000.0,82.0,3.0,2.0,Gestores inmobiliarios,https://www.idealista.com/pro/adanpadaughters/,https://www.idealista.com/inmueble/107720098/,82.0,,True,Segunda mano/buen estado,Planta 1ª interior,False,True,2025-08-25
109205294,Chalet adosado en venta en Carretera Molinar,Centro - Zona Alta,415000.0,361.0,6,3,Inmoparadise,https://www.idealista.com/pro/inmoparadise/,https://www.idealista.com/inmueble/109205294/,361.0,,True,Segunda mano/buen estado,,,,2025-09-23
109116527,Piso en venta en CL Na Saurina d'Entenca,Barri Eixample,49000.0,50.0,3,1,Núcleo Gestiones Inmobiliarias Alcoy,https://www.idealista.com/pro/nucleoalcoy/,https://www.idealista.com/inmueble/109116527/,50.0,,,Segunda mano/buen estado,Planta 4ª exterior,True,False,2025-09-23
109100144,Chalet pareado en venta en Calle Cavall Bernat,Barri Zona Nord,230000.0,140.0,3,2,Inmobiliaria carbonell,https://www.idealista.com/pro/inmobiliaria-carbonell-30408/,https://www.idealista.com/inmueble/109100144/,140.0,138,True,Segunda mano/buen estado,,,,2025-09-23
109302568,Piso en venta en Calle Perú,Barri Eixample,95000.0,98.0,3,1,Gestores inmobiliarios,https://www.idealista.com/pro/adanpadaughters/,https://www.idealista.com/inmueble/109302568/,98.0,,,Segunda mano/buen estado,Planta 2ª interior,False,False,2025-09-23
109227342,Piso en venta en Calle Sant Isidre,Barri Eixample,130000.0,144.0,4,2,Inmobiliaria carbonell,https://www.idealista.com/pro/inmobiliaria-carbonell-30408/,https://www.idealista.com/inmueble/109227342/,144.0,130,,Segunda mano/para reformar,Planta 2ª exterior,True,True,2025-09-23
109223969,Piso en venta en Calle Mestre Espí,Barri Santa Rosa,148000.0,110.0,3,3,Gestores inmobiliarios,https://www.idealista.com/pro/adanpadaughters/,https://www.idealista.com/inmueble/109223969/,110.0,105,,Segunda mano/buen estado,,True,True,2025-09-23
109325156,Piso en venta en Barri Zona Nord,Alcoy / Alcoi,60000.0,110.0,4,1,Molmar ',https://www.idealista.com/pro/molmarvalencia/,https://www.idealista.com/inmueble/109325156/,110.0,,,Segunda mano/buen estado,Planta 3ª exterior,True,False,2025-09-23
108337605,Masía en venta en Barri Batoi - Sargento - Baradello,Alcoy / Alcoi,759000.0,848.0,8,8,Kapitalia Inmobiliaria,https://www.idealista.com/pro/kapitalia-inmobiliaria/,https://www.idealista.com/inmueble/108337605/,848.0,,True,Segunda mano/buen estado,,,,2025-09-23
109254121,Piso en venta en Calle Na Saurina d'Entença,Barri Eixample,115000.0,200.0,5,2,Inmobiliaria carbonell,https://www.idealista.com/pro/inmobiliaria-carbonell-30408/,https://www.idealista.com/inmueble/109254121/,200.0,174,,Segunda mano/para reformar,Planta 2ª exterior,True,True,2025-09-23
109252193,Piso en venta en Centro - Zona Alta,Alcoy / Alcoi,238000.0,177.0,3,3,Kapitalia Inmobiliaria,https://www.idealista.com/pro/kapitalia-inmobiliaria/,https://www.idealista.com/inmueble/109252193/,177.0,,,Segunda mano/buen estado,Planta 1ª exterior,True,True,2025-09-23
109300440,Casa o chalet en venta en Barri Batoi - Sargento - Baradello,Alcoy / Alcoi,85000.0,300.0,0,1,Gestores inmobiliarios,https://www.idealista.com/pro/adanpadaughters/,https://www.idealista.com/inmueble/109300440/,300.0,,,Segunda mano/para reformar,,,,2025-09-23
109205232,Piso en venta en Barri Santa Rosa,Alcoy / Alcoi,105000.0,88.0,3,1,Kapitalia Inmobiliaria,https://www.idealista.com/pro/kapitalia-inmobiliaria/,https://www.idealista.com/inmueble/109205232/,88.0,,,Segunda mano/buen estado,Planta 6ª exterior,True,True,2025-09-23
109354909,"Piso en venta en Calle Pintor Cabrera, 11",Barri Eixample,62000.0,46.0,2,1,,,https://www.idealista.com/inmueble/109354909/,46.0,,,Segunda mano/buen estado,Planta 2ª interior,False,False,2025-09-23
108925821,Casa o chalet independiente en venta en Barri Batoi - Sargento - Baradello,Alcoy / Alcoi,460000.0,369.0,9,4,Habitale Inmoval,https://www.idealista.com/pro/habitale-inmoval/,https://www.idealista.com/inmueble/108925821/,369.0,360,,Segunda mano/buen estado,,,,2025-09-23
109356652,Casa o chalet independiente en venta en Centro - Zona Alta,Alcoy / Alcoi,144900.0,169.0,2,,inmo hobby,https://www.idealista.com/pro/inmo-hobby/,https://www.idealista.com/inmueble/109356652/,169.0,,True,Segunda mano/para reformar,,,,2025-09-23
107187615,Casa o chalet independiente en venta en Barri Batoi - Sargento - Baradello,Alcoy / Alcoi,195000.0,323.0,5,3,Dream'n Blue Properties,https://www.idealista.com/pro/dreamn-blue-properties/,https://www.idealista.com/inmueble/107187615/,323.0,,True,Segunda mano/para reformar,,,,2025-09-23
109218160,"Piso en venta en Calle Sant Joan de Ribera, 55",Centro - Zona Alta,130000.0,81.0,2,2,SP AGENCIA INMOBILIARIA,https://www.idealista.com/pro/sp-agencia-inmobiliaria/,https://www.idealista.com/inmueble/109218160/,81.0,71,,Segunda mano/buen estado,Planta 1ª exterior,True,False,2025-09-23
105487534,Casa o chalet independiente en venta en Barri Batoi - Sargento - Baradello,Alcoy / Alcoi,249000.0,354.0,2,1,Guillermo MUÑIZ,https://www.idealista.com/pro/guillermo-muniz-92424d40-a570-4452-af4e-eca394afca96/,https://www.idealista.com/inmueble/105487534/,354.0,330,,Segunda mano/buen estado,,,,2025-09-23
109105892,Piso en venta en Barri Santa Rosa,Alcoy / Alcoi,177000.0,120.0,4,2,iad España,https://www.idealista.com/pro/iadespana/,https://www.idealista.com/inmueble/109105892/,120.0,,True,Segunda mano/buen estado,,,True,2025-09-23
109329571,Casa o chalet independiente en venta en batoi-sargento,Barri Batoi - Sargento - Baradello,354000.0,400.0,4,3,ArPons Luxury Real Estate,https://www.idealista.com/pro/arpons-luxury-real-estate/,https://www.idealista.com/inmueble/109329571/,400.0,340,True,Segunda mano/buen estado,,,,2025-09-23
109329283,Casa o chalet independiente en venta en Barri Batoi - Sargento - Baradello,Alcoy / Alcoi,354000.0,399.0,4,3,Inmobiliaria Euro,https://www.idealista.com/pro/inmobiliaria-euro/,https://www.idealista.com/inmueble/109329283/,399.0,340,,Segunda mano/buen estado,,,,2025-09-23
108396915,Casa o chalet independiente en venta en Calle Sant Joan de Ribera,Centro - Zona Alta,430000.0,205.0,4,3,OLCINA INMOBILIARIA,https://www.idealista.com/pro/olcinainmobiliaria/,https://www.idealista.com/inmueble/108396915/,205.0,,True,Segunda mano/buen estado,,,,2025-09-23
109311760,"Chalet adosado en venta en Calle Verge del Pilar, 21",Centro - Zona Alta,250000.0,200.0,4,3,,,https://www.idealista.com/inmueble/109311760/,200.0,,True,Segunda mano/buen estado,,,,2025-09-23
109187478,"Finca rústica en venta en Partida De la loma, 6",Barri Zona Nord,380000.0,200.0,3,2,HOUSES BY THE SEA,https://www.idealista.com/pro/houses-by-the-sea/,https://www.idealista.com/inmueble/109187478/,200.0,120,,Segunda mano/buen estado,,,,2025-09-23
94987456,"Piso en venta en Calle Doctor Sempere, 21",Barri Eixample,87900.0,80.0,3,1,Grupo Halia,https://www.idealista.com/pro/halia/,https://www.idealista.com/inmueble/94987456/,80.0,75,True,Segunda mano/buen estado,Planta 2ª exterior,True,False,2025-09-23
105017825,Piso en venta en Barri Eixample,Alcoy / Alcoi,132000.0,75.0,2,2,Kevin Soriano,https://www.idealista.com/pro/kevin-soriano/,https://www.idealista.com/inmueble/105017825/,75.0,,,Segunda mano/buen estado,Bajo exterior,True,False,2025-09-23
109318141,Ático en venta en CL Peru,Barri Eixample,95000.0,64.0,3,1,Inmobiliaria isba,https://www.idealista.com/pro/isba/,https://www.idealista.com/inmueble/109318141/,64.0,,True,Segunda mano/buen estado,Planta 5ª exterior,True,False,2025-09-23
109316787,Ático en venta en Barri Eixample,Alcoy / Alcoi,430000.0,320.0,3,3,Atelier Inmo Homes,https://www.idealista.com/pro/atelierinmohomes/,https://www.idealista.com/inmueble/109316787/,320.0,280,True,Segunda mano/buen estado,Planta 1ª exterior,True,False,2025-09-23
109345466,Piso en venta en Barri Santa Rosa,Alcoy / Alcoi,90000.0,90.0,3,1,TX CASAS INMOBILIARIA,https://www.idealista.com/pro/tx-casas-inmobiliaria/,https://www.idealista.com/inmueble/109345466/,90.0,87,,Segunda mano/buen estado,,True,True,2025-09-23
109271276,Casa o chalet independiente en venta en Barri Eixample,Alcoy / Alcoi,260000.0,140.0,5,3,,,https://www.idealista.com/inmueble/109271276/,140.0,,True,Segunda mano/buen estado,,,,2025-09-23
109335928,Piso en venta en Calle Roís de Corella,Barri Zona Nord,83000.0,80.0,3,1,Inmobiliaria Blau,https://www.idealista.com/pro/inmobiliariablau/,https://www.idealista.com/inmueble/109335928/,80.0,70,True,Segunda mano/buen estado,Planta 4ª exterior,True,False,2025-09-23
109300029,Piso en venta en Barri Zona Nord,Alcoy / Alcoi,110000.0,150.0,4,2,Soñar Home Consulting,https://www.idealista.com/pro/sonarhomeconsulting/,https://www.idealista.com/inmueble/109300029/,150.0,146,,Segunda mano/buen estado,Planta 4ª exterior,True,False,2025-09-23
107760503,Casa o chalet independiente en venta en Centro - Zona Alta,Alcoy / Alcoi,430000.0,281.0,4,3,Inversiones Car&Mar,https://www.idealista.com/pro/inversiones-car-mar/,https://www.idealista.com/inmueble/107760503/,281.0,270,,Segunda mano/buen estado,,,,2025-09-23
105980519,Piso en venta en Calle Anselm Aracil,Barri Eixample,79900.0,83.0,3,2,Soñar Home Consulting,https://www.idealista.com/pro/sonarhomeconsulting/,https://www.idealista.com/inmueble/105980519/,83.0,76,True,Segunda mano/buen estado,Planta 2ª exterior,True,False,2025-09-23
109294000,Piso en venta en Calle Murillo,Barri Santa Rosa,68000.0,92.0,4,3,Hipoges,https://www.idealista.com/pro/realestate-hipoges/,https://www.idealista.com/inmueble/109294000/,92.0,,,Segunda mano/para reformar,Planta 1ª,,False,2025-09-23
109184369,Chalet pareado en venta en Calle Cantagallet,Centro - Zona Alta,415000.0,361.0,4,2,Two & Two Grupo Inmobiliario,https://www.idealista.com/pro/twenty-two-real-estate/,https://www.idealista.com/inmueble/109184369/,361.0,300,True,Segunda mano/buen estado,,,,2025-09-23
109222303,Piso en venta en Barri Santa Rosa,Alcoy / Alcoi,140000.0,156.0,4,2,Tarrazó Inmobiliaria,https://www.idealista.com/pro/tarrazo/,https://www.idealista.com/inmueble/109222303/,156.0,,,Segunda mano/buen estado,Planta 2ª,,True,2025-09-23
109259861,Piso en venta en Barri Eixample,Alcoy / Alcoi,215000.0,115.0,4,4,SP AGENCIA INMOBILIARIA,https://www.idealista.com/pro/sp-agencia-inmobiliaria/,https://www.idealista.com/inmueble/109259861/,115.0,105,,Segunda mano/buen estado,,True,True,2025-09-23
109185830,"Piso en venta en Plaza del Centenari, 45",Barri Santa Rosa,98000.0,90.0,3,2,Inmobiliaria Blau,https://www.idealista.com/pro/inmobiliariablau/,https://www.idealista.com/inmueble/109185830/,90.0,,,Segunda mano/buen estado,Planta 5ª exterior,True,True,2025-09-23
109303777,Chalet pareado en venta en Barri Eixample,Alcoy / Alcoi,260000.0,169.0,5,2,inmobiliaria aracil,https://www.idealista.com/pro/inmobiliaria-aracil/,https://www.idealista.com/inmueble/109303777/,169.0,149,,Segunda mano/buen estado,,,,2025-09-23
109252600,Piso en venta en Barri Santa Rosa,Alcoy / Alcoi,145000.0,142.0,4,2,inmobiliaria aracil,https://www.idealista.com/pro/inmobiliaria-aracil/,https://www.idealista.com/inmueble/109252600/,142.0,,,Segunda mano/buen estado,Planta 2ª exterior,True,True,2025-09-23
109299694,Piso en venta en Calle Murillo,Barri Santa Rosa,97000.0,95.0,3,1,inmobiliaria aracil,https://www.idealista.com/pro/inmobiliaria-aracil/,https://www.idealista.com/inmueble/109299694/,95.0,,,Segunda mano/buen estado,Planta 3ª exterior,True,True,2025-09-23
109135447,Piso en venta en Calle Font de Serelles,Barri Zona Nord,124000.0,90.0,3,2,Altages Inmobiliaria,https://www.idealista.com/pro/altages-inmobiliaria/,https://www.idealista.com/inmueble/109135447/,90.0,,,Segunda mano/buen estado,Planta 5ª exterior,True,True,2025-09-23
109218400,Piso en venta en Barri Santa Rosa,Alcoy / Alcoi,61000.0,50.0,2,2,SP AGENCIA INMOBILIARIA,https://www.idealista.com/pro/sp-agencia-inmobiliaria/,https://www.idealista.com/inmueble/109218400/,50.0,45,,Segunda mano/buen estado,Planta 2ª exterior,True,False,2025-09-23
109218568,Piso en venta en Barri Santa Rosa,Alcoy / Alcoi,140000.0,156.0,5,4,SP AGENCIA INMOBILIARIA,https://www.idealista.com/pro/sp-agencia-inmobiliaria/,https://www.idealista.com/inmueble/109218568/,156.0,146,,Segunda mano/buen estado,Planta 2ª exterior,True,True,2025-09-23
109071616,Piso en venta en Barri Santa Rosa,Alcoy / Alcoi,140000.0,155.0,5,2,TX CASAS INMOBILIARIA,https://www.idealista.com/pro/tx-casas-inmobiliaria/,https://www.idealista.com/inmueble/109071616/,155.0,150,,Segunda mano/buen estado,Planta 2ª exterior,True,True,2025-09-23
109327445,Piso en venta en Barri Santa Rosa,Alcoy / Alcoi,110000.0,104.0,4,4,SP AGENCIA INMOBILIARIA,https://www.idealista.com/pro/sp-agencia-inmobiliaria/,https://www.idealista.com/inmueble/109327445/,104.0,98,,Segunda mano/buen estado,Planta 2ª exterior,True,True,2025-09-23
108119446,Casa o chalet independiente en venta en Barri Batoi - Sargento - Baradello,Alcoy / Alcoi,249000.0,354.0,2,1,Abenza inmuebles,https://www.idealista.com/pro/abenza-inmuebles/,https://www.idealista.com/inmueble/108119446/,354.0,,True,Segunda mano/buen estado,,,,2025-09-23
108975703,Piso en venta en Centro - Zona Alta,Alcoy / Alcoi,158500.0,105.0,3,1,TX CASAS INMOBILIARIA,https://www.idealista.com/pro/tx-casas-inmobiliaria/,https://www.idealista.com/inmueble/108975703/,105.0,100,True,Segunda mano/buen estado,Planta 1ª exterior,True,False,2025-09-23
109309984,Piso en venta en Barri Santa Rosa,Alcoy / Alcoi,82000.0,90.0,3,1,Inmobiliaria Numero Uno,https://www.idealista.com/pro/numero-uno/,https://www.idealista.com/inmueble/109309984/,90.0,72,True,Segunda mano/buen estado,Planta 1ª exterior,True,True,2025-09-23
109157231,Piso en venta en Calle Sant Jaume,Centro - Zona Alta,54900.0,40.0,2,1,Espana Online Inmo SL,https://www.idealista.com/pro/espana-online-inmo/,https://www.idealista.com/inmueble/109157231/,40.0,,,Segunda mano/buen estado,Planta 3ª exterior,True,False,2025-09-23
109101525,"Piso en venta en Calle Francesc Perera, 7",Barri Eixample,100000.0,90.0,2,1,,,https://www.idealista.com/inmueble/109101525/,90.0,88,,Segunda mano/buen estado,Bajo exterior,True,False,2025-09-23
108689535,Casa o chalet en venta en Carretera Molinar,Centro - Zona Alta,76000.0,76.0,3,2,Solvia SE,https://www.idealista.com/pro/solvia-se/,https://www.idealista.com/inmueble/108689535/,76.0,,,Segunda mano/buen estado,,,,2025-09-23
109305367,Piso en venta en Calle Oliver,Barri Santa Rosa,94200.0,125.0,,1,Solvia Inmobiliaria IB,https://www.idealista.com/pro/solvia/,https://www.idealista.com/inmueble/109305367/,125.0,,,Segunda mano/buen estado,Planta 4ª,,False,2025-09-23
109198703,Piso en venta en Barri Eixample,Alcoy / Alcoi,123000.0,90.0,2,1,inmobiliaria aracil,https://www.idealista.com/pro/inmobiliaria-aracil/,https://www.idealista.com/inmueble/109198703/,90.0,,,Segunda mano/buen estado,Bajo exterior,True,False,2025-09-23
109225678,Chalet adosado en venta en Centro - Zona Alta,Alcoy / Alcoi,150000.0,475.0,0,,Oportunidad inversión,https://www.idealista.com/pro/oportunidad-inversion/,https://www.idealista.com/inmueble/109225678/,475.0,,,Segunda mano/para reformar,,,,2025-09-23
109340213,"Piso en venta en Avenida Andalusia, 8",Barri Zona Nord,80000.0,76.0,3,1,,,https://www.idealista.com/inmueble/109340213/,76.0,74,True,Segunda mano/buen estado,Bajo exterior,True,False,2025-09-23
106915943,Piso en venta en Calle la Sardina,Centro - Zona Alta,34200.0,110.0,,1,Solvia SE,https://www.idealista.com/pro/solvia-se/,https://www.idealista.com/inmueble/106915943/,110.0,,,Segunda mano/buen estado,,,False,2025-09-23
106915942,Piso en venta en Calle Sant Joan,Centro - Zona Alta,30500.0,109.0,,1,Solvia SE,https://www.idealista.com/pro/solvia-se/,https://www.idealista.com/inmueble/106915942/,109.0,,,Segunda mano/buen estado,,,False,2025-09-23
104890873,Piso en venta en Carretera Nacional N-340,Barri Eixample,37400.0,91.0,3,1,Solvia SE,https://www.idealista.com/pro/solvia-se/,https://www.idealista.com/inmueble/104890873/,91.0,,,Segunda mano/buen estado,,,False,2025-09-23
109228290,Chalet adosado en venta en Barri Eixample,Alcoy / Alcoi,560000.0,300.0,4,4,TX CASAS INMOBILIARIA,https://www.idealista.com/pro/tx-casas-inmobiliaria/,https://www.idealista.com/inmueble/109228290/,300.0,250,True,Segunda mano/buen estado,,,,2025-09-23
109162788,Piso en venta en Barri Zona Nord,Alcoy / Alcoi,187000.0,165.0,4,2,Inmobiliaria Numero Uno,https://www.idealista.com/pro/numero-uno/,https://www.idealista.com/inmueble/109162788/,165.0,160,,Segunda mano/buen estado,Planta 1ª exterior,True,True,2025-09-23
109326482,Piso en venta en Barri Eixample,Alcoy / Alcoi,90000.0,70.0,3,1,Abenza inmuebles,https://www.idealista.com/pro/abenza-inmuebles/,https://www.idealista.com/inmueble/109326482/,70.0,,,Segunda mano/buen estado,Planta 2ª exterior,True,False,2025-09-23
107491987,Piso en venta en Barri Santa Rosa,Alcoy / Alcoi,150000.0,110.0,3,2,TX CASAS INMOBILIARIA,https://www.idealista.com/pro/tx-casas-inmobiliaria/,https://www.idealista.com/inmueble/107491987/,110.0,100,,Segunda mano/buen estado,Planta 5ª exterior,True,True,2025-09-23
107820485,Piso en venta en Centro - Zona Alta,Alcoy / Alcoi,80000.0,92.0,2,1,TX CASAS INMOBILIARIA,https://www.idealista.com/pro/tx-casas-inmobiliaria/,https://www.idealista.com/inmueble/107820485/,92.0,90,,Segunda mano/buen estado,Planta 4ª exterior,True,False,2025-09-23
109274083,"Piso en venta en Calle Alfons el Magnànim, 5",Barri Santa Rosa,123000.0,125.0,3,1,,,https://www.idealista.com/inmueble/109274083/,125.0,,True,Segunda mano/buen estado,Planta 2ª exterior,True,True,2025-09-23
109226614,"Caserón en venta en Calle El salt, 23",Barri Eixample,85000.0,360.0,2,1,,,https://www.idealista.com/inmueble/109226614/,360.0,320,,Segunda mano/para reformar,,,,2025-09-23
108440349,Piso en venta en Centro - Zona Alta,Alcoy / Alcoi,98900.0,70.0,2,1,TX CASAS INMOBILIARIA,https://www.idealista.com/pro/tx-casas-inmobiliaria/,https://www.idealista.com/inmueble/108440349/,70.0,65,,Segunda mano/buen estado,Planta 3ª exterior,True,True,2025-09-23
109209910,Ático en venta en Barri Eixample,Alcoy / Alcoi,245000.0,140.0,3,2,,,https://www.idealista.com/inmueble/109209910/,140.0,,True,Segunda mano/buen estado,Planta 4ª exterior,True,True,2025-09-23
109310476,"Piso en venta en Calle Vistabella, 12",Barri Santa Rosa,145000.0,145.0,3,1,,,https://www.idealista.com/inmueble/109310476/,145.0,130,,Segunda mano/buen estado,Planta 7ª exterior,True,True,2025-09-23
109363341,"Alquiler de piso en Calle José Zorrilla, 25",Centro - Zona Alta,800.0,144.0,4,2,,,https://www.idealista.com/inmueble/109363341/,144.0,,,Segunda mano/buen estado,Planta 3ª exterior,True,True,2025-09-23
109360741,Alquiler de ático en Calle Lluís Braille,Barri Santa Rosa,520.0,70.0,2,1,Altages Inmobiliaria,https://www.idealista.com/pro/altages-inmobiliaria/,https://www.idealista.com/inmueble/109360741/,70.0,,True,Segunda mano/buen estado,Planta 7ª exterior,True,True,2025-09-23
109355473,"Alquiler de piso en Calle Sant Francesc, 18",Centro - Zona Alta,660.0,139.0,3,2,,,https://www.idealista.com/inmueble/109355473/,139.0,,True,Segunda mano/buen estado,Planta 1ª exterior,True,False,2025-09-23
109351770,"Alquiler de piso en Plaza Miguel Hernández, 6",Barri Santa Rosa,700.0,120.0,3,2,,,https://www.idealista.com/inmueble/109351770/,120.0,110,,Segunda mano/buen estado,Planta 3ª exterior,True,True,2025-09-23
107933024,"Alquiler de piso en Calle Sant Josep, 1",Centro - Zona Alta,500.0,45.0,,1,,,https://www.idealista.com/inmueble/107933024/,45.0,40,,Segunda mano/buen estado,Planta 1ª exterior,True,False,2025-09-23
109347731,Alquiler de piso en Barri Eixample,Alcoy / Alcoi,520.0,85.0,3,1,,,https://www.idealista.com/inmueble/109347731/,85.0,,,Segunda mano/buen estado,Planta 2ª exterior,True,False,2025-09-23
109340060,"Alquiler de piso en Calle Músic Josep Carbonell, 18",Centro - Zona Alta,450.0,110.0,4,2,,,https://www.idealista.com/inmueble/109340060/,110.0,,,Segunda mano/para reformar,Planta 5ª exterior,True,True,2025-09-23
109334229,Alquiler de piso en Av Pais Valencia,Centro - Zona Alta,950.0,161.0,3,2,Wolo,https://www.idealista.com/pro/wolo/,https://www.idealista.com/inmueble/109334229/,161.0,140,,Segunda mano/buen estado,Planta 3ª exterior,True,True,2025-09-23
105446070,Alquiler de piso en Barri Santa Rosa,Alcoy / Alcoi,750.0,125.0,4,2,,,https://www.idealista.com/inmueble/105446070/,125.0,120,,Segunda mano/buen estado,Planta 2ª exterior,True,True,2025-09-23
109183605,"Alquiler de piso en Viaducto, 25",Barri Eixample,850.0,180.0,4,2,,,https://www.idealista.com/inmueble/109183605/,180.0,165,True,Segunda mano/buen estado,Planta 2ª exterior,True,False,2025-09-23
109270170,Alquiler de piso en Calle la Sang,Centro - Zona Alta,500.0,58.0,,1,VHogares,https://www.idealista.com/pro/vhogares/,https://www.idealista.com/inmueble/109270170/,58.0,,,Segunda mano/buen estado,Bajo exterior,True,False,2025-09-23
109126973,"Alquiler de piso en Calle Sant Agustí, 3",Centro - Zona Alta,675.0,70.0,2,1,Avanhouse,https://www.idealista.com/pro/avanhouse/,https://www.idealista.com/inmueble/109126973/,70.0,65,True,Segunda mano/buen estado,Bajo exterior,True,False,2025-09-23
109247084,"Alquiler de piso en Calle Enginyer Colomina Raduán, 12",Barri Zona Nord,600.0,86.0,3,1,,,https://www.idealista.com/inmueble/109247084/,86.0,69,,Segunda mano/buen estado,Planta 3ª exterior,True,True,2025-09-23
109326189,"Alquiler de piso en Passatge Interior La Portalà, 3",Barri Santa Rosa,700.0,110.0,3,2,Inmobiliaria Blau,https://www.idealista.com/pro/inmobiliariablau/,https://www.idealista.com/inmueble/109326189/,110.0,,True,Segunda mano/buen estado,Planta 4ª exterior,True,True,2025-09-23
109298593,Alquiler de piso en Calle Sant Josep,Centro - Zona Alta,550.0,62.0,2,1,Nexia Rent,https://www.idealista.com/pro/nexia-rent/,https://www.idealista.com/inmueble/109298593/,62.0,,,Segunda mano/buen estado,Planta 1ª exterior,True,False,2025-09-23
109117798,"Alquiler de ático en Avenida País Valencià, 64",Centro - Zona Alta,700.0,45.0,0,1,,,https://www.idealista.com/inmueble/109117798/,45.0,40,,Segunda mano/buen estado,Planta 3ª exterior,True,True,2025-09-23
109199073,Alquiler de piso en Calle Sant Eloi,Barri Zona Nord,590.0,94.0,3,1,INVERNOMICS REAL ESTATE,https://www.idealista.com/pro/invernomics-real-estate/,https://www.idealista.com/inmueble/109199073/,94.0,,,Segunda mano/buen estado,Planta 2ª exterior,True,False,2025-09-23
108396916,Alquiler de casa o chalet independiente en Centro - Zona Alta,Alcoy / Alcoi,1800.0,205.0,4,3,OLCINA INMOBILIARIA,https://www.idealista.com/pro/olcinainmobiliaria/,https://www.idealista.com/inmueble/108396916/,205.0,,True,Segunda mano/buen estado,,,,2025-09-23
108319704,"Alquiler de piso en Calle Santa Rita, 19",Centro - Zona Alta,500.0,45.0,,1,,,https://www.idealista.com/inmueble/108319704/,45.0,,,Segunda mano/buen estado,Planta 5ª interior,False,False,2025-09-23
109318371,"Alquiler de piso en Calle Sant Joan de Ribera, 21",Centro - Zona Alta,580.0,90.0,3,1,,,https://www.idealista.com/inmueble/109318371/,90.0,84,True,Segunda mano/buen estado,Planta 1ª exterior,True,False,2025-09-23
108112210,Alquiler de piso en Centro - Zona Alta,Alcoy / Alcoi,550.0,77.0,,1,Inmobiliaria Hache,https://www.idealista.com/pro/inmobiliaria-hache/,https://www.idealista.com/inmueble/108112210/,77.0,,,Segunda mano/buen estado,Planta 3ª exterior,True,False,2025-09-23
108732897,"Alquiler de estudio en Calle Sant Blai, 24",Centro - Zona Alta,330.0,35.0,0,1,Avanhouse,https://www.idealista.com/pro/avanhouse/,https://www.idealista.com/inmueble/108732897/,35.0,30,,Segunda mano/buen estado,Planta 1ª interior,False,False,2025-09-23
109305215,Alquiler de piso en Barri Zona Nord,Alcoy / Alcoi,650.0,90.0,3,2,Inmobiliaria Norte,https://www.idealista.com/pro/inmobiliarianorte/,https://www.idealista.com/inmueble/109305215/,90.0,,,Segunda mano/buen estado,Planta 5ª exterior,True,True,2025-09-23
109203774,Alquiler de piso en Barri Zona Nord,Alcoy / Alcoi,550.0,111.0,2,1,Tarrazó Inmobiliaria,https://www.idealista.com/pro/tarrazo/,https://www.idealista.com/inmueble/109203774/,111.0,,,Segunda mano/buen estado,Planta 4ª,,True,2025-09-23
91703475,"Alquiler de piso en Calle Puríssima, 14",Centro - Zona Alta,460.0,75.0,2,1,,,https://www.idealista.com/inmueble/91703475/,75.0,56,,Segunda mano/buen estado,Bajo exterior,True,False,2025-09-23
109226390,Alquiler de piso en Calle Músic Gonçal Blanes,Centro - Zona Alta,600.0,120.0,4,2,Inmobiliaria carbonell,https://www.idealista.com/pro/inmobiliaria-carbonell-30408/,https://www.idealista.com/inmueble/109226390/,120.0,115,,Segunda mano/buen estado,Planta 3ª exterior,True,False,2025-09-23
109258225,"Alquiler de piso en Calle Sant Nicolau, 98",Centro - Zona Alta,700.0,119.0,2,2,,,https://www.idealista.com/inmueble/109258225/,119.0,,,Segunda mano/buen estado,Planta 2ª exterior,True,False,2025-09-23
109274880,Alquiler de casa o chalet independiente en Barri Eixample,Alcoy / Alcoi,1200.0,240.0,5,3,,,https://www.idealista.com/inmueble/109274880/,240.0,,True,Segunda mano/buen estado,,,,2025-09-23
109301673,"Alquiler de piso en Carretera Molinar, 32",Centro - Zona Alta,570.0,60.0,2,1,,,https://www.idealista.com/inmueble/109301673/,60.0,55,,Segunda mano/buen estado,Planta 2ª exterior,True,False,2025-09-23
109184906,"Alquiler de estudio en san nicolau, 61",Centro - Zona Alta,525.0,88.0,0,1,,,https://www.idealista.com/inmueble/109184906/,88.0,,,Segunda mano/buen estado,Entreplanta exterior,True,False,2025-09-23
101854015,Alquiler de piso en Barri Eixample,Alcoy / Alcoi,550.0,82.0,2,1,NEXT HOME INMOBILIARIA,https://www.idealista.com/pro/inmonexthome/,https://www.idealista.com/inmueble/101854015/,82.0,72,,Segunda mano/buen estado,Planta 1ª exterior,True,True,2025-09-23
108761429,Alquiler de piso en Calle Na Saurina d'Entença,Barri Eixample,480.0,75.0,3,1,Inmobiliaria Terra,https://www.idealista.com/pro/inmobiliaria-terra/,https://www.idealista.com/inmueble/108761429/,75.0,,,Segunda mano/buen estado,Planta 2ª exterior,True,False,2025-09-23
29780273,"Alquiler de ático en Calle Capellá Benlloch, 9",Centro - Zona Alta,700.0,120.0,2,1,,,https://www.idealista.com/inmueble/29780273/,120.0,80,True,Segunda mano/buen estado,Planta 4ª exterior,True,True,2025-09-23
109256691,Alquiler de piso en Barri Zona Nord,Alcoy / Alcoi,650.0,135.0,4,2,Inmobiliaria Norte,https://www.idealista.com/pro/inmobiliarianorte/,https://www.idealista.com/inmueble/109256691/,135.0,,,Segunda mano/buen estado,Planta 6ª exterior,True,True,2025-09-23
108983878,"Alquiler de piso en Calle Santa Rosa, 28",Barri Santa Rosa,750.0,128.0,3,2,,,https://www.idealista.com/inmueble/108983878/,128.0,,,Segunda mano/buen estado,Planta 7ª exterior,True,True,2025-09-23
105714248,"Alquiler de piso en Calle Anselm Aracil, 12",Barri Eixample,600.0,110.0,3,1,,,https://www.idealista.com/inmueble/105714248/,110.0,100,,Segunda mano/buen estado,Planta 4ª exterior,True,False,2025-09-23
109294895,Alquiler de piso en Barri Zona Nord,Alcoy / Alcoi,600.0,100.0,3,2,Inmobiliaria Numero Uno,https://www.idealista.com/pro/numero-uno/,https://www.idealista.com/inmueble/109294895/,100.0,90,,Segunda mano/buen estado,Planta 5ª exterior,True,True,2025-09-23
109145688,"Alquiler de piso en Avenida camilo sexto, 22",Barri Eixample,675.0,120.0,3,1,,,https://www.idealista.com/inmueble/109145688/,120.0,,True,Segunda mano/buen estado,Planta 4ª exterior,True,True,2025-09-23
106466181,"Alquiler de piso en Calle Joan Cantó, 6",Centro - Zona Alta,500.0,80.0,,1,,,https://www.idealista.com/inmueble/106466181/,80.0,60,True,Segunda mano/buen estado,Planta 4ª exterior,True,True,2025-09-23
109235070,"Alquiler de estudio en Calle cami, 5",Centro - Zona Alta,480.0,35.0,0,1,,,https://www.idealista.com/inmueble/109235070/,35.0,34,,Segunda mano/buen estado,Planta 1ª exterior,True,False,2025-09-23
109242964,"Alquiler de piso en Calle Verge dels Lliris, 18",Centro - Zona Alta,630.0,70.0,3,1,,,https://www.idealista.com/inmueble/109242964/,70.0,,True,Segunda mano/buen estado,Planta 1ª exterior,True,False,2025-09-23
